#
# There is insufficient memory for the Java Runtime Environment to continue.
# Native memory allocation (mmap) failed to map 847249408 bytes. Error detail: G1 virtual space
# Possible reasons:
#   The system is out of physical RAM or swap space
#   This process is running with CompressedOops enabled, and the Java Heap may be blocking the growth of the native heap
# Possible solutions:
#   Reduce memory load on the system
#   Increase physical memory or swap space
#   Check if swap backing store is full
#   Decrease Java heap size (-Xmx/-Xms)
#   Decrease number of Java threads
#   Decrease Java thread stack sizes (-Xss)
#   Set larger code cache with -XX:ReservedCodeCacheSize=
#   JVM is running with Zero Based Compressed Oops mode in which the Java heap is
#     placed in the first 32GB address space. The Java Heap base address is the
#     maximum limit for the native heap growth. Please use -XX:HeapBaseMinAddress
#     to set the Java Heap base and to place the Java Heap above 32GB virtual address.
# This output file may be truncated or incomplete.
#
#  Out of Memory Error (os_windows.cpp:3564), pid=35744, tid=3544
#
# JRE version: OpenJDK Runtime Environment (24.0.1+9) (build 24.0.1+9-30)
# Java VM: OpenJDK 64-Bit Server VM (24.0.1+9-30, mixed mode, sharing, tiered, compressed oops, compressed class ptrs, g1 gc, windows-amd64)
# No core dump will be written. Minidumps are not enabled by default on client versions of Windows
#

---------------  S U M M A R Y ------------

Command Line: -Xss10m -Dfile.encoding=UTF-8 -Dsun.stdout.encoding=UTF-8 -Dsun.stderr.encoding=UTF-8 C:\Users\jsc17y\Projects\RELISON\RELISON\RELISON-gui\target\RELISON-gui.jar --debug

Host: Intel(R) Core(TM) i7-14700, 28 cores, 31G,  Windows 11 , 64 bit Build 26100 (10.0.26100.8521)
Time: Fri Jul 10 15:49:34 2026 GMT Summer Time elapsed time: 553.972336 seconds (0d 0h 9m 13s)

---------------  T H R E A D  ---------------

Current thread (0x000001ca65c22650):  VMThread "VM Thread"          [id=3544, stack(0x0000001b90800000,0x0000001b90900000) (1024K)]

Stack: [0x0000001b90800000,0x0000001b90900000]
Native frames: (J=compiled Java code, j=interpreted, Vv=VM code, C=native code)
V  [jvm.dll+0x730739]  (no source info available)
V  [jvm.dll+0x8d9b23]  (no source info available)
V  [jvm.dll+0x8dc00d]  (no source info available)
V  [jvm.dll+0x8dc683]  (no source info available)
V  [jvm.dll+0x2aa086]  (no source info available)
V  [jvm.dll+0x72cc65]  (no source info available)
V  [jvm.dll+0x72059a]  (no source info available)
V  [jvm.dll+0x390cea]  (no source info available)
V  [jvm.dll+0x3989f6]  (no source info available)
V  [jvm.dll+0x38523e]  (no source info available)
V  [jvm.dll+0x3854f8]  (no source info available)
V  [jvm.dll+0x35d0cc]  (no source info available)
V  [jvm.dll+0x35d15a]  (no source info available)
V  [jvm.dll+0x3aa702]  (no source info available)
V  [jvm.dll+0x3a8d82]  (no source info available)
V  [jvm.dll+0x35c897]  (no source info available)
V  [jvm.dll+0x3a8534]  (no source info available)
V  [jvm.dll+0x8e2742]  (no source info available)
V  [jvm.dll+0x8e3a8c]  (no source info available)
V  [jvm.dll+0x8e3ff8]  (no source info available)
V  [jvm.dll+0x8e4293]  (no source info available)
V  [jvm.dll+0x87d76b]  (no source info available)
V  [jvm.dll+0x72ee55]  (no source info available)
C  [ucrtbase.dll+0x2cd30]  (no source info available)
C  [KERNEL32.DLL+0x2e957]  (no source info available)
C  [ntdll.dll+0x87c1c]  (no source info available)

VM_Operation (0x0000001b9ecfe430): G1CollectForAllocation, mode: safepoint, requested by thread 0x000001ca67f79c50


---------------  P R O C E S S  ---------------

Threads class SMR info:
_java_thread_list=0x000001cab098ade0, length=39, elements={
0x000001ca65cee870, 0x000001ca672e80c0, 0x000001ca672e8930, 0x000001ca672e9590,
0x000001ca672ec330, 0x000001ca672eefe0, 0x000001ca672ee1a0, 0x000001ca672fb260,
0x000001ca6736e0c0, 0x000001ca673a00f0, 0x000001ca67f29e40, 0x000001caad04bb00,
0x000001ca67f66730, 0x000001ca67f66e70, 0x000001ca67f749e0, 0x000001ca67f78660,
0x000001ca67f77f10, 0x000001ca67f7a3a0, 0x000001ca67f7aaf0, 0x000001ca67f78db0,
0x000001ca67f777c0, 0x000001ca67f79500, 0x000001ca67f79c50, 0x000001caad0758a0,
0x000001caad073b60, 0x000001caad075150, 0x000001caad075ff0, 0x000001caad0742b0,
0x000001caad074a00, 0x000001caad0775e0, 0x000001caad076740, 0x000001caad079320,
0x000001caad077d30, 0x000001caad079a70, 0x000001caad07a1c0, 0x000001caad078480,
0x000001caad076e90, 0x000001caad07a910, 0x000001caad07b060
}

Java Threads: ( => current thread )
  0x000001ca65cee870 JavaThread "Reference Handler"          daemon [_thread_blocked, id=43548, stack(0x0000001b90900000,0x0000001b91300000) (10240K)]
  0x000001ca672e80c0 JavaThread "Finalizer"                  daemon [_thread_blocked, id=30712, stack(0x0000001b91300000,0x0000001b91d00000) (10240K)]
  0x000001ca672e8930 JavaThread "Signal Dispatcher"          daemon [_thread_blocked, id=38560, stack(0x0000001b91d00000,0x0000001b92700000) (10240K)]
  0x000001ca672e9590 JavaThread "Attach Listener"            daemon [_thread_blocked, id=32172, stack(0x0000001b92700000,0x0000001b93100000) (10240K)]
  0x000001ca672ec330 JavaThread "Service Thread"             daemon [_thread_blocked, id=2988, stack(0x0000001b93100000,0x0000001b93b00000) (10240K)]
  0x000001ca672eefe0 JavaThread "Monitor Deflation Thread"   daemon [_thread_blocked, id=18344, stack(0x0000001b93b00000,0x0000001b94500000) (10240K)]
  0x000001ca672ee1a0 JavaThread "C2 CompilerThread0"         daemon [_thread_blocked, id=8300, stack(0x0000001b94500000,0x0000001b94600000) (1024K)]
  0x000001ca672fb260 JavaThread "C1 CompilerThread0"         daemon [_thread_blocked, id=5416, stack(0x0000001b94600000,0x0000001b94700000) (1024K)]
  0x000001ca6736e0c0 JavaThread "Notification Thread"        daemon [_thread_blocked, id=16920, stack(0x0000001b94700000,0x0000001b95100000) (10240K)]
  0x000001ca673a00f0 JavaThread "Common-Cleaner"             daemon [_thread_blocked, id=38768, stack(0x0000001b95100000,0x0000001b95b00000) (10240K)]
  0x000001ca67f29e40 JavaThread "Scheduler-360067785-1"             [_thread_blocked, id=22504, stack(0x0000001b96b00000,0x0000001b97500000) (10240K)]
  0x000001caad04bb00 JavaThread "Session-HouseKeeper-41e36e46-1"        [_thread_blocked, id=44892, stack(0x0000001b97500000,0x0000001b97f00000) (10240K)]
  0x000001ca67f66730 JavaThread "VirtualThread-unblocker"    daemon [_thread_blocked, id=4452, stack(0x0000001b97f00000,0x0000001b98900000) (10240K)]
  0x000001ca67f66e70 JavaThread "ForkJoinPool-1-worker-1"    daemon [_thread_in_native, id=15992, stack(0x0000001b98900000,0x0000001b99300000) (10240K)]
  0x000001ca67f749e0 JavaThread "ForkJoinPool-1-worker-2"    daemon [_thread_in_native, id=3360, stack(0x0000001b99300000,0x0000001b99d00000) (10240K)]
  0x000001ca67f78660 JavaThread "ForkJoinPool-1-worker-3"    daemon [_thread_in_native, id=8684, stack(0x0000001b99d00000,0x0000001b9a700000) (10240K)]
  0x000001ca67f77f10 JavaThread "ForkJoinPool-1-worker-4"    daemon [_thread_in_native, id=42640, stack(0x0000001b9a700000,0x0000001b9b100000) (10240K)]
  0x000001ca67f7a3a0 JavaThread "ForkJoinPool-1-worker-5"    daemon [_thread_in_native, id=27636, stack(0x0000001b9b100000,0x0000001b9bb00000) (10240K)]
  0x000001ca67f7aaf0 JavaThread "ForkJoinPool-1-worker-6"    daemon [_thread_in_native, id=13672, stack(0x0000001b9bb00000,0x0000001b9c500000) (10240K)]
  0x000001ca67f78db0 JavaThread "ForkJoinPool-1-worker-7"    daemon [_thread_in_native, id=35112, stack(0x0000001b9c500000,0x0000001b9cf00000) (10240K)]
  0x000001ca67f777c0 JavaThread "ForkJoinPool-1-worker-8"    daemon [_thread_in_native, id=26816, stack(0x0000001b9cf00000,0x0000001b9d900000) (10240K)]
  0x000001ca67f79500 JavaThread "ForkJoinPool-1-worker-9"    daemon [_thread_blocked, id=40448, stack(0x0000001b9d900000,0x0000001b9e300000) (10240K)]
  0x000001ca67f79c50 JavaThread "ForkJoinPool-1-worker-10"   daemon [_thread_blocked, id=25092, stack(0x0000001b9e300000,0x0000001b9ed00000) (10240K)]
  0x000001caad0758a0 JavaThread "ForkJoinPool-1-worker-11"   daemon [_thread_in_native, id=24868, stack(0x0000001b9ed00000,0x0000001b9f700000) (10240K)]
  0x000001caad073b60 JavaThread "ForkJoinPool-1-worker-12"   daemon [_thread_blocked, id=34964, stack(0x0000001b9f700000,0x0000001ba0100000) (10240K)]
  0x000001caad075150 JavaThread "ForkJoinPool-1-worker-13"   daemon [_thread_in_native, id=38412, stack(0x0000001ba0100000,0x0000001ba0b00000) (10240K)]
  0x000001caad075ff0 JavaThread "ForkJoinPool-1-worker-14"   daemon [_thread_in_native, id=44948, stack(0x0000001ba0b00000,0x0000001ba1500000) (10240K)]
  0x000001caad0742b0 JavaThread "ForkJoinPool-1-worker-15"   daemon [_thread_in_native, id=16448, stack(0x0000001ba1500000,0x0000001ba1f00000) (10240K)]
  0x000001caad074a00 JavaThread "ForkJoinPool-1-worker-16"   daemon [_thread_in_native, id=2868, stack(0x0000001ba1f00000,0x0000001ba2900000) (10240K)]
  0x000001caad0775e0 JavaThread "ForkJoinPool-1-worker-17"   daemon [_thread_in_native, id=33112, stack(0x0000001ba2900000,0x0000001ba3300000) (10240K)]
  0x000001caad076740 JavaThread "ForkJoinPool-1-worker-18"   daemon [_thread_blocked, id=45304, stack(0x0000001ba3300000,0x0000001ba3d00000) (10240K)]
  0x000001caad079320 JavaThread "Read-Poller"                daemon [_thread_in_native, id=42716, stack(0x0000001ba3d00000,0x0000001ba4700000) (10240K)]
  0x000001caad077d30 JavaThread "Read-Poller"                daemon [_thread_in_native, id=39744, stack(0x0000001ba4700000,0x0000001ba5100000) (10240K)]
  0x000001caad079a70 JavaThread "Write-Poller"               daemon [_thread_in_native, id=43688, stack(0x0000001ba5100000,0x0000001ba5b00000) (10240K)]
  0x000001caad07a1c0 JavaThread "Java2D Disposer"            daemon [_thread_blocked, id=12048, stack(0x0000001ba5b00000,0x0000001ba6500000) (10240K)]
  0x000001caad078480 JavaThread "AWT-Windows"                daemon [_thread_in_native, id=19324, stack(0x0000001ba6f00000,0x0000001ba7900000) (10240K)]
  0x000001caad076e90 JavaThread "Swing-Shell"                daemon [_thread_blocked, id=45828, stack(0x0000001ba7900000,0x0000001ba8300000) (10240K)]
  0x000001caad07a910 JavaThread "DestroyJavaVM"                     [_thread_blocked, id=16876, stack(0x0000001b8f800000,0x0000001b90200000) (10240K)]
  0x000001caad07b060 JavaThread "Connector-Scheduler-de3a06f-1"        [_thread_blocked, id=45944, stack(0x0000001ba9000000,0x0000001ba9a00000) (10240K)]
Total: 39

Other Threads:
=>0x000001ca65c22650 VMThread "VM Thread"                           [id=3544, stack(0x0000001b90800000,0x0000001b90900000) (1024K)]
  0x000001ca65cd1ca0 WatcherThread "VM Periodic Task Thread"        [id=10776, stack(0x0000001b90700000,0x0000001b90800000) (1024K)]
  0x000001ca412f6b90 WorkerThread "GC Thread#0"                     [id=36936, stack(0x0000001b90200000,0x0000001b90300000) (1024K)]
  0x000001ca65c21790 WorkerThread "GC Thread#1"                     [id=37632, stack(0x0000001b95f00000,0x0000001b96000000) (1024K)]
  0x000001ca65c21b40 WorkerThread "GC Thread#2"                     [id=16192, stack(0x0000001b96000000,0x0000001b96100000) (1024K)]
  0x000001ca65c222a0 WorkerThread "GC Thread#3"                     [id=26688, stack(0x0000001ba8300000,0x0000001ba8400000) (1024K)]
  0x000001caad1c3030 WorkerThread "GC Thread#4"                     [id=36116, stack(0x0000001ba8800000,0x0000001ba8900000) (1024K)]
  0x000001caad1c3790 WorkerThread "GC Thread#5"                     [id=26988, stack(0x0000001ba8900000,0x0000001ba8a00000) (1024K)]
  0x000001caad1c3b40 WorkerThread "GC Thread#6"                     [id=15680, stack(0x0000001ba8a00000,0x0000001ba8b00000) (1024K)]
  0x000001caad1c28d0 WorkerThread "GC Thread#7"                     [id=43656, stack(0x0000001ba8b00000,0x0000001ba8c00000) (1024K)]
  0x000001caad1c33e0 WorkerThread "GC Thread#8"                     [id=39828, stack(0x0000001ba8c00000,0x0000001ba8d00000) (1024K)]
  0x000001caad1c2170 WorkerThread "GC Thread#9"                     [id=29888, stack(0x0000001ba8d00000,0x0000001ba8e00000) (1024K)]
  0x000001caad1c2520 WorkerThread "GC Thread#10"                    [id=22200, stack(0x0000001ba8e00000,0x0000001ba8f00000) (1024K)]
  0x000001caad1c2c80 WorkerThread "GC Thread#11"                    [id=30716, stack(0x0000001ba8f00000,0x0000001ba9000000) (1024K)]
  0x000001caad2bdfa0 WorkerThread "GC Thread#12"                    [id=43940, stack(0x0000001b8f500000,0x0000001b8f600000) (1024K)]
  0x000001caad2bd490 WorkerThread "GC Thread#13"                    [id=37856, stack(0x0000001b96100000,0x0000001b96200000) (1024K)]
  0x000001caad2be700 WorkerThread "GC Thread#14"                    [id=37984, stack(0x0000001b96200000,0x0000001b96300000) (1024K)]
  0x000001caad2bd840 WorkerThread "GC Thread#15"                    [id=32272, stack(0x0000001b96300000,0x0000001b96400000) (1024K)]
  0x000001caad2beab0 WorkerThread "GC Thread#16"                    [id=28184, stack(0x0000001b96400000,0x0000001b96500000) (1024K)]
  0x000001caad2bee60 WorkerThread "GC Thread#17"                    [id=16344, stack(0x0000001b96500000,0x0000001b96600000) (1024K)]
  0x000001caad2bf210 WorkerThread "GC Thread#18"                    [id=32284, stack(0x0000001b96600000,0x0000001b96700000) (1024K)]
  0x000001caad2bf5c0 WorkerThread "GC Thread#19"                    [id=9724, stack(0x0000001b96700000,0x0000001b96800000) (1024K)]
  0x000001ca4130b9d0 ConcurrentGCThread "G1 Main Marker"            [id=39900, stack(0x0000001b90300000,0x0000001b90400000) (1024K)]
  0x000001ca4130c580 WorkerThread "G1 Conc#0"                       [id=31168, stack(0x0000001b90400000,0x0000001b90500000) (1024K)]
  0x000001caae9e5ce0 WorkerThread "G1 Conc#1"                       [id=42852, stack(0x0000001b95d00000,0x0000001b95e00000) (1024K)]
  0x000001caae9e4310 WorkerThread "G1 Conc#2"                       [id=45288, stack(0x0000001b95e00000,0x0000001b95f00000) (1024K)]
  0x000001caae9e46c0 WorkerThread "G1 Conc#3"                       [id=33368, stack(0x0000001b96800000,0x0000001b96900000) (1024K)]
  0x000001caae9e4a70 WorkerThread "G1 Conc#4"                       [id=40676, stack(0x0000001b96900000,0x0000001b96a00000) (1024K)]
  0x000001ca65c010d0 ConcurrentGCThread "G1 Refine#0"               [id=5636, stack(0x0000001b90500000,0x0000001b90600000) (1024K)]
  0x000001ca65c03910 ConcurrentGCThread "G1 Service"                [id=42608, stack(0x0000001b90600000,0x0000001b90700000) (1024K)]
Total: 30

Threads with active compile tasks:
Total: 0

VM state: at safepoint (normal execution)

VM Mutex/Monitor currently owned by a thread:  ([mutex/lock_event])
[0x00007ffd11ea44b0] Threads_lock - owner thread: 0x000001ca65c22650
[0x00007ffd11ea45b0] Heap_lock - owner thread: 0x000001ca67f79c50

Heap address: 0x0000000604400000, size: 8124 MB, Compressed Oops mode: Zero based, Oop shift amount: 3

CDS archive(s) mapped at: [0x000001ca68000000-0x000001ca68d40000-0x000001ca68d40000), size 13893632, SharedBaseAddress: 0x000001ca68000000, ArchiveRelocationMode: 1.
Compressed class space mapped at: 0x000001ca69000000-0x000001caa9000000, reserved size: 1073741824
UseCompressedClassPointers 1, UseCompactObjectHeaders 0
Narrow klass pointer bits 32, Max shift 3
Narrow klass base: 0x000001ca68000000, Narrow klass shift: 0
Encoding Range: [0x000001ca68000000 - 0x000001cb68000000), (4294967296 bytes)
Klass Range:    [0x000001ca68000000 - 0x000001caa9000000), (1090519040 bytes)
Klass ID Range:  [8 - 1090519033) (1090519025)

GC Precious Log:
 CardTable entry size: 512
 Card Set container configuration: InlinePtr #cards 4 size 8 Array Of Cards #cards 32 size 80 Howl #buckets 8 coarsen threshold 7372 Howl Bitmap #cards 1024 size 144 coarsen threshold 921 Card regions per heap region 1 cards per card region 8192
 CPUs: 28 total, 28 available
 Memory: 32485M
 Large Page Support: Disabled
 NUMA Support: Disabled
 Compressed Oops: Enabled (Zero based)
 Heap Region Size: 4M
 Heap Min Capacity: 8M
 Heap Initial Capacity: 508M
 Heap Max Capacity: 8124M
 Pre-touch: Disabled
 Parallel Workers: 20
 Concurrent Workers: 5
 Concurrent Refinement Workers: 20
 Periodic GC: Disabled

Heap:
 garbage-first heap   total reserved 8318976K, committed 6254592K, used 5755994K [0x0000000604400000, 0x0000000800000000)
  region size 4096K, 11 young (45056K), 11 survivors (45056K)
 Metaspace       used 20085K, committed 20352K, reserved 1114112K
  class space    used 1717K, committed 1856K, reserved 1048576K

Heap Regions: E=young(eden), S=young(survivor), O=old, HS=humongous(starts), HC=humongous(continues), CS=collection set, F=free, TAMS=top-at-mark-start, PB=parsable bottom
|   0|0x0000000604400000, 0x0000000604800000, 0x0000000604800000|100%|HS|  |TAMS 0x0000000604800000| PB 0x0000000604400000| Complete |  0
|   1|0x0000000604800000, 0x0000000604c00000, 0x0000000604c00000|100%|HC|  |TAMS 0x0000000604c00000| PB 0x0000000604800000| Complete |  0
|   2|0x0000000604c00000, 0x0000000605000000, 0x0000000605000000|100%| O|  |TAMS 0x0000000605000000| PB 0x0000000604c00000| Untracked |  0
|   3|0x0000000605000000, 0x0000000605400000, 0x0000000605400000|100%| O|  |TAMS 0x0000000605400000| PB 0x0000000605000000| Untracked |  0
|   4|0x0000000605400000, 0x0000000605800000, 0x0000000605800000|100%| O|  |TAMS 0x0000000605800000| PB 0x0000000605400000| Untracked |  0
|   5|0x0000000605800000, 0x0000000605c00000, 0x0000000605c00000|100%| O|  |TAMS 0x0000000605c00000| PB 0x0000000605800000| Untracked |  0
|   6|0x0000000605c00000, 0x0000000606000000, 0x0000000606000000|100%| O|  |TAMS 0x0000000606000000| PB 0x0000000605c00000| Untracked |  0
|   7|0x0000000606000000, 0x0000000606400000, 0x0000000606400000|100%| O|  |TAMS 0x0000000606400000| PB 0x0000000606000000| Untracked |  0
|   8|0x0000000606400000, 0x0000000606800000, 0x0000000606800000|100%| O|  |TAMS 0x0000000606800000| PB 0x0000000606400000| Untracked |  0
|   9|0x0000000606800000, 0x0000000606c00000, 0x0000000606c00000|100%| O|  |TAMS 0x0000000606c00000| PB 0x0000000606800000| Untracked |  0
|  10|0x0000000606c00000, 0x0000000607000000, 0x0000000607000000|100%| O|  |TAMS 0x0000000607000000| PB 0x0000000606c00000| Untracked |  0
|  11|0x0000000607000000, 0x0000000607400000, 0x0000000607400000|100%| O|  |TAMS 0x0000000607400000| PB 0x0000000607000000| Untracked |  0
|  12|0x0000000607400000, 0x0000000607800000, 0x0000000607800000|100%| O|  |TAMS 0x0000000607800000| PB 0x0000000607400000| Untracked |  0
|  13|0x0000000607800000, 0x0000000607c00000, 0x0000000607c00000|100%| O|  |TAMS 0x0000000607c00000| PB 0x0000000607800000| Untracked |  0
|  14|0x0000000607c00000, 0x0000000608000000, 0x0000000608000000|100%| O|  |TAMS 0x0000000608000000| PB 0x0000000607c00000| Untracked |  0
|  15|0x0000000608000000, 0x0000000608400000, 0x0000000608400000|100%| O|  |TAMS 0x0000000608400000| PB 0x0000000608000000| Untracked |  0
|  16|0x0000000608400000, 0x0000000608800000, 0x0000000608800000|100%| O|  |TAMS 0x0000000608800000| PB 0x0000000608400000| Untracked |  0
|  17|0x0000000608800000, 0x0000000608c00000, 0x0000000608c00000|100%| O|  |TAMS 0x0000000608c00000| PB 0x0000000608800000| Untracked |  0
|  18|0x0000000608c00000, 0x0000000609000000, 0x0000000609000000|100%| O|  |TAMS 0x0000000609000000| PB 0x0000000608c00000| Untracked |  0
|  19|0x0000000609000000, 0x0000000609400000, 0x0000000609400000|100%| O|  |TAMS 0x0000000609400000| PB 0x0000000609000000| Untracked |  0
|  20|0x0000000609400000, 0x0000000609800000, 0x0000000609800000|100%| O|  |TAMS 0x0000000609800000| PB 0x0000000609400000| Untracked |  0
|  21|0x0000000609800000, 0x0000000609c00000, 0x0000000609c00000|100%| O|  |TAMS 0x0000000609c00000| PB 0x0000000609800000| Untracked |  0
|  22|0x0000000609c00000, 0x000000060a000000, 0x000000060a000000|100%| O|  |TAMS 0x000000060a000000| PB 0x0000000609c00000| Untracked |  0
|  23|0x000000060a000000, 0x000000060a400000, 0x000000060a400000|100%| O|  |TAMS 0x000000060a400000| PB 0x000000060a000000| Untracked |  0
|  24|0x000000060a400000, 0x000000060a800000, 0x000000060a800000|100%| O|  |TAMS 0x000000060a800000| PB 0x000000060a400000| Untracked |  0
|  25|0x000000060a800000, 0x000000060ac00000, 0x000000060ac00000|100%| O|  |TAMS 0x000000060ac00000| PB 0x000000060a800000| Untracked |  0
|  26|0x000000060ac00000, 0x000000060b000000, 0x000000060b000000|100%| O|  |TAMS 0x000000060b000000| PB 0x000000060ac00000| Untracked |  0
|  27|0x000000060b000000, 0x000000060b400000, 0x000000060b400000|100%| O|  |TAMS 0x000000060b400000| PB 0x000000060b000000| Untracked |  0
|  28|0x000000060b400000, 0x000000060b800000, 0x000000060b800000|100%| O|  |TAMS 0x000000060b800000| PB 0x000000060b400000| Untracked |  0
|  29|0x000000060b800000, 0x000000060bc00000, 0x000000060bc00000|100%| O|  |TAMS 0x000000060bc00000| PB 0x000000060b800000| Untracked |  0
|  30|0x000000060bc00000, 0x000000060c000000, 0x000000060c000000|100%| O|  |TAMS 0x000000060c000000| PB 0x000000060bc00000| Untracked |  0
|  31|0x000000060c000000, 0x000000060c400000, 0x000000060c400000|100%| O|  |TAMS 0x000000060c400000| PB 0x000000060c000000| Untracked |  0
|  32|0x000000060c400000, 0x000000060c800000, 0x000000060c800000|100%| O|  |TAMS 0x000000060c800000| PB 0x000000060c400000| Untracked |  0
|  33|0x000000060c800000, 0x000000060cc00000, 0x000000060cc00000|100%| O|  |TAMS 0x000000060cc00000| PB 0x000000060c800000| Untracked |  0
|  34|0x000000060cc00000, 0x000000060d000000, 0x000000060d000000|100%| O|  |TAMS 0x000000060d000000| PB 0x000000060cc00000| Untracked |  0
|  35|0x000000060d000000, 0x000000060d400000, 0x000000060d400000|100%| O|  |TAMS 0x000000060d400000| PB 0x000000060d000000| Untracked |  0
|  36|0x000000060d400000, 0x000000060d800000, 0x000000060d800000|100%| O|  |TAMS 0x000000060d800000| PB 0x000000060d400000| Untracked |  0
|  37|0x000000060d800000, 0x000000060dc00000, 0x000000060dc00000|100%| O|  |TAMS 0x000000060dc00000| PB 0x000000060d800000| Untracked |  0
|  38|0x000000060dc00000, 0x000000060e000000, 0x000000060e000000|100%| O|  |TAMS 0x000000060e000000| PB 0x000000060dc00000| Untracked |  0
|  39|0x000000060e000000, 0x000000060e400000, 0x000000060e400000|100%| O|  |TAMS 0x000000060e400000| PB 0x000000060e000000| Untracked |  0
|  40|0x000000060e400000, 0x000000060e800000, 0x000000060e800000|100%| O|  |TAMS 0x000000060e800000| PB 0x000000060e400000| Untracked |  0
|  41|0x000000060e800000, 0x000000060ec00000, 0x000000060ec00000|100%| O|  |TAMS 0x000000060ec00000| PB 0x000000060e800000| Untracked |  0
|  42|0x000000060ec00000, 0x000000060f000000, 0x000000060f000000|100%| O|  |TAMS 0x000000060f000000| PB 0x000000060ec00000| Untracked |  0
|  43|0x000000060f000000, 0x000000060f400000, 0x000000060f400000|100%| O|  |TAMS 0x000000060f400000| PB 0x000000060f000000| Untracked |  0
|  44|0x000000060f400000, 0x000000060f800000, 0x000000060f800000|100%| O|  |TAMS 0x000000060f800000| PB 0x000000060f400000| Untracked |  0
|  45|0x000000060f800000, 0x000000060fc00000, 0x000000060fc00000|100%| O|  |TAMS 0x000000060fc00000| PB 0x000000060f800000| Untracked |  0
|  46|0x000000060fc00000, 0x0000000610000000, 0x0000000610000000|100%| O|  |TAMS 0x0000000610000000| PB 0x000000060fc00000| Untracked |  0
|  47|0x0000000610000000, 0x0000000610400000, 0x0000000610400000|100%| O|  |TAMS 0x0000000610400000| PB 0x0000000610000000| Untracked |  0
|  48|0x0000000610400000, 0x0000000610800000, 0x0000000610800000|100%| O|  |TAMS 0x0000000610800000| PB 0x0000000610400000| Untracked |  0
|  49|0x0000000610800000, 0x0000000610c00000, 0x0000000610c00000|100%| O|  |TAMS 0x0000000610c00000| PB 0x0000000610800000| Untracked |  0
|  50|0x0000000610c00000, 0x0000000611000000, 0x0000000611000000|100%| O|  |TAMS 0x0000000611000000| PB 0x0000000610c00000| Untracked |  0
|  51|0x0000000611000000, 0x0000000611400000, 0x0000000611400000|100%| O|  |TAMS 0x0000000611400000| PB 0x0000000611000000| Untracked |  0
|  52|0x0000000611400000, 0x0000000611800000, 0x0000000611800000|100%| O|  |TAMS 0x0000000611800000| PB 0x0000000611400000| Untracked |  0
|  53|0x0000000611800000, 0x0000000611c00000, 0x0000000611c00000|100%| O|  |TAMS 0x0000000611c00000| PB 0x0000000611800000| Untracked |  0
|  54|0x0000000611c00000, 0x0000000612000000, 0x0000000612000000|100%| O|  |TAMS 0x0000000612000000| PB 0x0000000611c00000| Untracked |  0
|  55|0x0000000612000000, 0x0000000612400000, 0x0000000612400000|100%| O|  |TAMS 0x0000000612400000| PB 0x0000000612000000| Untracked |  0
|  56|0x0000000612400000, 0x0000000612800000, 0x0000000612800000|100%| O|  |TAMS 0x0000000612800000| PB 0x0000000612400000| Untracked |  0
|  57|0x0000000612800000, 0x0000000612c00000, 0x0000000612c00000|100%| O|  |TAMS 0x0000000612c00000| PB 0x0000000612800000| Untracked |  0
|  58|0x0000000612c00000, 0x0000000613000000, 0x0000000613000000|100%| O|  |TAMS 0x0000000613000000| PB 0x0000000612c00000| Untracked |  0
|  59|0x0000000613000000, 0x0000000613400000, 0x0000000613400000|100%| O|  |TAMS 0x0000000613400000| PB 0x0000000613000000| Untracked |  0
|  60|0x0000000613400000, 0x0000000613800000, 0x0000000613800000|100%| O|  |TAMS 0x0000000613800000| PB 0x0000000613400000| Untracked |  0
|  61|0x0000000613800000, 0x0000000613c00000, 0x0000000613c00000|100%| O|  |TAMS 0x0000000613800000| PB 0x0000000613800000| Untracked |  0
|  62|0x0000000613c00000, 0x0000000614000000, 0x0000000614000000|100%| O|  |TAMS 0x0000000614000000| PB 0x0000000613c00000| Untracked |  0
|  63|0x0000000614000000, 0x0000000614400000, 0x0000000614400000|100%| O|  |TAMS 0x0000000614400000| PB 0x0000000614000000| Untracked |  0
|  64|0x0000000614400000, 0x0000000614800000, 0x0000000614800000|100%| O|  |TAMS 0x0000000614800000| PB 0x0000000614400000| Untracked |  0
|  65|0x0000000614800000, 0x0000000614c00000, 0x0000000614c00000|100%| O|  |TAMS 0x0000000614c00000| PB 0x0000000614800000| Untracked |  0
|  66|0x0000000614c00000, 0x0000000615000000, 0x0000000615000000|100%| O|  |TAMS 0x0000000615000000| PB 0x0000000614c00000| Untracked |  0
|  67|0x0000000615000000, 0x0000000615400000, 0x0000000615400000|100%| O|  |TAMS 0x0000000615400000| PB 0x0000000615000000| Untracked |  0
|  68|0x0000000615400000, 0x0000000615800000, 0x0000000615800000|100%| O|  |TAMS 0x0000000615800000| PB 0x0000000615400000| Untracked |  0
|  69|0x0000000615800000, 0x0000000615c00000, 0x0000000615c00000|100%| O|  |TAMS 0x0000000615c00000| PB 0x0000000615800000| Untracked |  0
|  70|0x0000000615c00000, 0x0000000616000000, 0x0000000616000000|100%| O|  |TAMS 0x0000000616000000| PB 0x0000000615c00000| Untracked |  0
|  71|0x0000000616000000, 0x0000000616400000, 0x0000000616400000|100%| O|  |TAMS 0x0000000616400000| PB 0x0000000616000000| Untracked |  0
|  72|0x0000000616400000, 0x0000000616800000, 0x0000000616800000|100%| O|  |TAMS 0x0000000616800000| PB 0x0000000616400000| Untracked |  0
|  73|0x0000000616800000, 0x0000000616c00000, 0x0000000616c00000|100%| O|  |TAMS 0x0000000616c00000| PB 0x0000000616800000| Untracked |  0
|  74|0x0000000616c00000, 0x0000000617000000, 0x0000000617000000|100%| O|  |TAMS 0x0000000617000000| PB 0x0000000616c00000| Untracked |  0
|  75|0x0000000617000000, 0x0000000617400000, 0x0000000617400000|100%| O|  |TAMS 0x0000000617400000| PB 0x0000000617000000| Untracked |  0
|  76|0x0000000617400000, 0x0000000617800000, 0x0000000617800000|100%| O|  |TAMS 0x0000000617800000| PB 0x0000000617400000| Untracked |  0
|  77|0x0000000617800000, 0x0000000617c00000, 0x0000000617c00000|100%| O|  |TAMS 0x0000000617c00000| PB 0x0000000617800000| Untracked |  0
|  78|0x0000000617c00000, 0x0000000618000000, 0x0000000618000000|100%| O|  |TAMS 0x0000000618000000| PB 0x0000000617c00000| Untracked |  0
|  79|0x0000000618000000, 0x0000000618400000, 0x0000000618400000|100%| O|  |TAMS 0x0000000618400000| PB 0x0000000618000000| Untracked |  0
|  80|0x0000000618400000, 0x0000000618800000, 0x0000000618800000|100%| O|  |TAMS 0x0000000618800000| PB 0x0000000618400000| Untracked |  0
|  81|0x0000000618800000, 0x0000000618c00000, 0x0000000618c00000|100%| O|  |TAMS 0x0000000618c00000| PB 0x0000000618800000| Untracked |  0
|  82|0x0000000618c00000, 0x0000000619000000, 0x0000000619000000|100%| O|  |TAMS 0x0000000619000000| PB 0x0000000618c00000| Untracked |  0
|  83|0x0000000619000000, 0x0000000619400000, 0x0000000619400000|100%| O|  |TAMS 0x0000000619400000| PB 0x0000000619000000| Untracked |  0
|  84|0x0000000619400000, 0x0000000619800000, 0x0000000619800000|100%| O|  |TAMS 0x0000000619800000| PB 0x0000000619400000| Untracked |  0
|  85|0x0000000619800000, 0x0000000619c00000, 0x0000000619c00000|100%| O|  |TAMS 0x0000000619c00000| PB 0x0000000619800000| Untracked |  0
|  86|0x0000000619c00000, 0x000000061a000000, 0x000000061a000000|100%| O|  |TAMS 0x000000061a000000| PB 0x0000000619c00000| Untracked |  0
|  87|0x000000061a000000, 0x000000061a400000, 0x000000061a400000|100%| O|  |TAMS 0x000000061a400000| PB 0x000000061a000000| Untracked |  0
|  88|0x000000061a400000, 0x000000061a800000, 0x000000061a800000|100%| O|  |TAMS 0x000000061a800000| PB 0x000000061a400000| Untracked |  0
|  89|0x000000061a800000, 0x000000061ac00000, 0x000000061ac00000|100%| O|  |TAMS 0x000000061ac00000| PB 0x000000061a800000| Untracked |  0
|  90|0x000000061ac00000, 0x000000061b000000, 0x000000061b000000|100%| O|  |TAMS 0x000000061b000000| PB 0x000000061ac00000| Untracked |  0
|  91|0x000000061b000000, 0x000000061b400000, 0x000000061b400000|100%| O|  |TAMS 0x000000061b400000| PB 0x000000061b000000| Untracked |  0
|  92|0x000000061b400000, 0x000000061b800000, 0x000000061b800000|100%| O|  |TAMS 0x000000061b800000| PB 0x000000061b400000| Untracked |  0
|  93|0x000000061b800000, 0x000000061bc00000, 0x000000061bc00000|100%| O|  |TAMS 0x000000061bc00000| PB 0x000000061b800000| Untracked |  0
|  94|0x000000061bc00000, 0x000000061c000000, 0x000000061c000000|100%| O|  |TAMS 0x000000061c000000| PB 0x000000061bc00000| Untracked |  0
|  95|0x000000061c000000, 0x000000061c400000, 0x000000061c400000|100%| O|  |TAMS 0x000000061c400000| PB 0x000000061c000000| Untracked |  0
|  96|0x000000061c400000, 0x000000061c800000, 0x000000061c800000|100%| O|  |TAMS 0x000000061c800000| PB 0x000000061c400000| Untracked |  0
|  97|0x000000061c800000, 0x000000061cc00000, 0x000000061cc00000|100%| O|  |TAMS 0x000000061cc00000| PB 0x000000061c800000| Untracked |  0
|  98|0x000000061cc00000, 0x000000061d000000, 0x000000061d000000|100%| O|  |TAMS 0x000000061d000000| PB 0x000000061cc00000| Untracked |  0
|  99|0x000000061d000000, 0x000000061d400000, 0x000000061d400000|100%| O|  |TAMS 0x000000061d400000| PB 0x000000061d000000| Untracked |  0
| 100|0x000000061d400000, 0x000000061d800000, 0x000000061d800000|100%| O|  |TAMS 0x000000061d800000| PB 0x000000061d400000| Untracked |  0
| 101|0x000000061d800000, 0x000000061dc00000, 0x000000061dc00000|100%|HS|  |TAMS 0x000000061dc00000| PB 0x000000061d800000| Complete |  0
| 102|0x000000061dc00000, 0x000000061e000000, 0x000000061e000000|100%| O|  |TAMS 0x000000061e000000| PB 0x000000061dc00000| Untracked |  0
| 103|0x000000061e000000, 0x000000061e400000, 0x000000061e400000|100%| O|  |TAMS 0x000000061e400000| PB 0x000000061e000000| Untracked |  0
| 104|0x000000061e400000, 0x000000061e800000, 0x000000061e800000|100%| O|  |TAMS 0x000000061e800000| PB 0x000000061e400000| Untracked |  0
| 105|0x000000061e800000, 0x000000061ec00000, 0x000000061ec00000|100%| O|  |TAMS 0x000000061ec00000| PB 0x000000061e800000| Untracked |  0
| 106|0x000000061ec00000, 0x000000061f000000, 0x000000061f000000|100%| O|  |TAMS 0x000000061f000000| PB 0x000000061ec00000| Untracked |  0
| 107|0x000000061f000000, 0x000000061f400000, 0x000000061f400000|100%| O|  |TAMS 0x000000061f400000| PB 0x000000061f000000| Untracked |  0
| 108|0x000000061f400000, 0x000000061f800000, 0x000000061f800000|100%| O|  |TAMS 0x000000061f800000| PB 0x000000061f400000| Untracked |  0
| 109|0x000000061f800000, 0x000000061fc00000, 0x000000061fc00000|100%| O|  |TAMS 0x000000061fc00000| PB 0x000000061f800000| Untracked |  0
| 110|0x000000061fc00000, 0x0000000620000000, 0x0000000620000000|100%| O|  |TAMS 0x0000000620000000| PB 0x000000061fc00000| Untracked |  0
| 111|0x0000000620000000, 0x0000000620400000, 0x0000000620400000|100%| O|  |TAMS 0x0000000620400000| PB 0x0000000620000000| Untracked |  0
| 112|0x0000000620400000, 0x0000000620800000, 0x0000000620800000|100%| O|  |TAMS 0x0000000620800000| PB 0x0000000620400000| Untracked |  0
| 113|0x0000000620800000, 0x0000000620c00000, 0x0000000620c00000|100%| O|  |TAMS 0x0000000620c00000| PB 0x0000000620800000| Untracked |  0
| 114|0x0000000620c00000, 0x0000000621000000, 0x0000000621000000|100%| O|  |TAMS 0x0000000621000000| PB 0x0000000620c00000| Untracked |  0
| 115|0x0000000621000000, 0x0000000621400000, 0x0000000621400000|100%| O|  |TAMS 0x0000000621400000| PB 0x0000000621000000| Untracked |  0
| 116|0x0000000621400000, 0x0000000621800000, 0x0000000621800000|100%| O|  |TAMS 0x0000000621800000| PB 0x0000000621400000| Untracked |  0
| 117|0x0000000621800000, 0x0000000621c00000, 0x0000000621c00000|100%| O|  |TAMS 0x0000000621c00000| PB 0x0000000621800000| Untracked |  0
| 118|0x0000000621c00000, 0x0000000622000000, 0x0000000622000000|100%| O|  |TAMS 0x0000000622000000| PB 0x0000000621c00000| Untracked |  0
| 119|0x0000000622000000, 0x0000000622400000, 0x0000000622400000|100%| O|  |TAMS 0x0000000622400000| PB 0x0000000622000000| Untracked |  0
| 120|0x0000000622400000, 0x0000000622800000, 0x0000000622800000|100%| O|  |TAMS 0x0000000622800000| PB 0x0000000622400000| Untracked |  0
| 121|0x0000000622800000, 0x0000000622c00000, 0x0000000622c00000|100%| O|  |TAMS 0x0000000622c00000| PB 0x0000000622800000| Untracked |  0
| 122|0x0000000622c00000, 0x0000000623000000, 0x0000000623000000|100%| O|  |TAMS 0x0000000623000000| PB 0x0000000622c00000| Untracked |  0
| 123|0x0000000623000000, 0x0000000623400000, 0x0000000623400000|100%| O|  |TAMS 0x0000000623400000| PB 0x0000000623000000| Untracked |  0
| 124|0x0000000623400000, 0x0000000623800000, 0x0000000623800000|100%| O|  |TAMS 0x0000000623800000| PB 0x0000000623400000| Untracked |  0
| 125|0x0000000623800000, 0x0000000623c00000, 0x0000000623c00000|100%| O|  |TAMS 0x0000000623c00000| PB 0x0000000623800000| Untracked |  0
| 126|0x0000000623c00000, 0x0000000624000000, 0x0000000624000000|100%| O|  |TAMS 0x0000000624000000| PB 0x0000000623c00000| Untracked |  0
| 127|0x0000000624000000, 0x0000000624400000, 0x0000000624400000|100%| O|  |TAMS 0x0000000624400000| PB 0x0000000624000000| Untracked |  0
| 128|0x0000000624400000, 0x0000000624800000, 0x0000000624800000|100%| O|  |TAMS 0x0000000624800000| PB 0x0000000624400000| Untracked |  0
| 129|0x0000000624800000, 0x0000000624c00000, 0x0000000624c00000|100%| O|  |TAMS 0x0000000624c00000| PB 0x0000000624800000| Untracked |  0
| 130|0x0000000624c00000, 0x0000000625000000, 0x0000000625000000|100%| O|  |TAMS 0x0000000625000000| PB 0x0000000624c00000| Untracked |  0
| 131|0x0000000625000000, 0x0000000625400000, 0x0000000625400000|100%| O|  |TAMS 0x0000000625400000| PB 0x0000000625000000| Untracked |  0
| 132|0x0000000625400000, 0x0000000625800000, 0x0000000625800000|100%| O|  |TAMS 0x0000000625800000| PB 0x0000000625400000| Untracked |  0
| 133|0x0000000625800000, 0x0000000625c00000, 0x0000000625c00000|100%| O|  |TAMS 0x0000000625c00000| PB 0x0000000625800000| Untracked |  0
| 134|0x0000000625c00000, 0x0000000626000000, 0x0000000626000000|100%| O|  |TAMS 0x0000000626000000| PB 0x0000000625c00000| Untracked |  0
| 135|0x0000000626000000, 0x0000000626400000, 0x0000000626400000|100%| O|  |TAMS 0x0000000626400000| PB 0x0000000626000000| Untracked |  0
| 136|0x0000000626400000, 0x0000000626800000, 0x0000000626800000|100%| O|  |TAMS 0x0000000626800000| PB 0x0000000626400000| Untracked |  0
| 137|0x0000000626800000, 0x0000000626c00000, 0x0000000626c00000|100%| O|  |TAMS 0x0000000626c00000| PB 0x0000000626800000| Untracked |  0
| 138|0x0000000626c00000, 0x0000000627000000, 0x0000000627000000|100%| O|  |TAMS 0x0000000627000000| PB 0x0000000626c00000| Untracked |  0
| 139|0x0000000627000000, 0x0000000627400000, 0x0000000627400000|100%| O|  |TAMS 0x0000000627400000| PB 0x0000000627000000| Untracked |  0
| 140|0x0000000627400000, 0x0000000627800000, 0x0000000627800000|100%| O|  |TAMS 0x0000000627800000| PB 0x0000000627400000| Untracked |  0
| 141|0x0000000627800000, 0x0000000627c00000, 0x0000000627c00000|100%| O|  |TAMS 0x0000000627c00000| PB 0x0000000627800000| Untracked |  0
| 142|0x0000000627c00000, 0x0000000628000000, 0x0000000628000000|100%| O|  |TAMS 0x0000000628000000| PB 0x0000000627c00000| Untracked |  0
| 143|0x0000000628000000, 0x0000000628400000, 0x0000000628400000|100%| O|  |TAMS 0x0000000628400000| PB 0x0000000628000000| Untracked |  0
| 144|0x0000000628400000, 0x0000000628800000, 0x0000000628800000|100%| O|  |TAMS 0x0000000628800000| PB 0x0000000628400000| Untracked |  0
| 145|0x0000000628800000, 0x0000000628c00000, 0x0000000628c00000|100%| O|  |TAMS 0x0000000628c00000| PB 0x0000000628800000| Untracked |  0
| 146|0x0000000628c00000, 0x0000000629000000, 0x0000000629000000|100%| O|  |TAMS 0x0000000629000000| PB 0x0000000628c00000| Untracked |  0
| 147|0x0000000629000000, 0x0000000629400000, 0x0000000629400000|100%| O|  |TAMS 0x0000000629400000| PB 0x0000000629000000| Untracked |  0
| 148|0x0000000629400000, 0x0000000629800000, 0x0000000629800000|100%| O|  |TAMS 0x0000000629800000| PB 0x0000000629400000| Untracked |  0
| 149|0x0000000629800000, 0x0000000629c00000, 0x0000000629c00000|100%| O|  |TAMS 0x0000000629c00000| PB 0x0000000629800000| Untracked |  0
| 150|0x0000000629c00000, 0x000000062a000000, 0x000000062a000000|100%| O|  |TAMS 0x000000062a000000| PB 0x0000000629c00000| Untracked |  0
| 151|0x000000062a000000, 0x000000062a400000, 0x000000062a400000|100%| O|  |TAMS 0x000000062a400000| PB 0x000000062a000000| Untracked |  0
| 152|0x000000062a400000, 0x000000062a800000, 0x000000062a800000|100%| O|  |TAMS 0x000000062a800000| PB 0x000000062a400000| Untracked |  0
| 153|0x000000062a800000, 0x000000062ac00000, 0x000000062ac00000|100%| O|  |TAMS 0x000000062ac00000| PB 0x000000062a800000| Untracked |  0
| 154|0x000000062ac00000, 0x000000062b000000, 0x000000062b000000|100%| O|  |TAMS 0x000000062b000000| PB 0x000000062ac00000| Untracked |  0
| 155|0x000000062b000000, 0x000000062b400000, 0x000000062b400000|100%| O|  |TAMS 0x000000062b400000| PB 0x000000062b000000| Untracked |  0
| 156|0x000000062b400000, 0x000000062b800000, 0x000000062b800000|100%| O|  |TAMS 0x000000062b800000| PB 0x000000062b400000| Untracked |  0
| 157|0x000000062b800000, 0x000000062bc00000, 0x000000062bc00000|100%| O|  |TAMS 0x000000062bc00000| PB 0x000000062b800000| Untracked |  0
| 158|0x000000062bc00000, 0x000000062c000000, 0x000000062c000000|100%| O|  |TAMS 0x000000062c000000| PB 0x000000062bc00000| Untracked |  0
| 159|0x000000062c000000, 0x000000062c400000, 0x000000062c400000|100%| O|  |TAMS 0x000000062c400000| PB 0x000000062c000000| Untracked |  0
| 160|0x000000062c400000, 0x000000062c800000, 0x000000062c800000|100%| O|  |TAMS 0x000000062c800000| PB 0x000000062c400000| Untracked |  0
| 161|0x000000062c800000, 0x000000062cc00000, 0x000000062cc00000|100%| O|  |TAMS 0x000000062c800000| PB 0x000000062c800000| Untracked |  0
| 162|0x000000062cc00000, 0x000000062d000000, 0x000000062d000000|100%| O|  |TAMS 0x000000062d000000| PB 0x000000062cc00000| Untracked |  0
| 163|0x000000062d000000, 0x000000062d400000, 0x000000062d400000|100%| O|  |TAMS 0x000000062d400000| PB 0x000000062d000000| Untracked |  0
| 164|0x000000062d400000, 0x000000062d800000, 0x000000062d800000|100%| O|  |TAMS 0x000000062d800000| PB 0x000000062d400000| Untracked |  0
| 165|0x000000062d800000, 0x000000062dc00000, 0x000000062dc00000|100%| O|  |TAMS 0x000000062dc00000| PB 0x000000062d800000| Untracked |  0
| 166|0x000000062dc00000, 0x000000062e000000, 0x000000062e000000|100%| O|  |TAMS 0x000000062e000000| PB 0x000000062dc00000| Untracked |  0
| 167|0x000000062e000000, 0x000000062e400000, 0x000000062e400000|100%| O|  |TAMS 0x000000062e400000| PB 0x000000062e000000| Untracked |  0
| 168|0x000000062e400000, 0x000000062e800000, 0x000000062e800000|100%| O|  |TAMS 0x000000062e800000| PB 0x000000062e400000| Untracked |  0
| 169|0x000000062e800000, 0x000000062ec00000, 0x000000062ec00000|100%| O|  |TAMS 0x000000062ec00000| PB 0x000000062e800000| Untracked |  0
| 170|0x000000062ec00000, 0x000000062f000000, 0x000000062f000000|100%| O|  |TAMS 0x000000062f000000| PB 0x000000062ec00000| Untracked |  0
| 171|0x000000062f000000, 0x000000062f400000, 0x000000062f400000|100%| O|  |TAMS 0x000000062f400000| PB 0x000000062f000000| Untracked |  0
| 172|0x000000062f400000, 0x000000062f800000, 0x000000062f800000|100%| O|  |TAMS 0x000000062f800000| PB 0x000000062f400000| Untracked |  0
| 173|0x000000062f800000, 0x000000062fc00000, 0x000000062fc00000|100%| O|  |TAMS 0x000000062fc00000| PB 0x000000062f800000| Untracked |  0
| 174|0x000000062fc00000, 0x0000000630000000, 0x0000000630000000|100%| O|  |TAMS 0x0000000630000000| PB 0x000000062fc00000| Untracked |  0
| 175|0x0000000630000000, 0x0000000630400000, 0x0000000630400000|100%| O|  |TAMS 0x0000000630400000| PB 0x0000000630000000| Untracked |  0
| 176|0x0000000630400000, 0x0000000630800000, 0x0000000630800000|100%| O|  |TAMS 0x0000000630800000| PB 0x0000000630400000| Untracked |  0
| 177|0x0000000630800000, 0x0000000630c00000, 0x0000000630c00000|100%| O|  |TAMS 0x0000000630c00000| PB 0x0000000630800000| Untracked |  0
| 178|0x0000000630c00000, 0x0000000631000000, 0x0000000631000000|100%| O|  |TAMS 0x0000000631000000| PB 0x0000000630c00000| Untracked |  0
| 179|0x0000000631000000, 0x0000000631400000, 0x0000000631400000|100%| O|  |TAMS 0x0000000631000000| PB 0x0000000631000000| Untracked |  0
| 180|0x0000000631400000, 0x0000000631800000, 0x0000000631800000|100%| O|  |TAMS 0x0000000631800000| PB 0x0000000631400000| Untracked |  0
| 181|0x0000000631800000, 0x0000000631c00000, 0x0000000631c00000|100%| O|  |TAMS 0x0000000631800000| PB 0x0000000631800000| Untracked |  0
| 182|0x0000000631c00000, 0x0000000632000000, 0x0000000632000000|100%| O|  |TAMS 0x0000000632000000| PB 0x0000000631c00000| Untracked |  0
| 183|0x0000000632000000, 0x0000000632400000, 0x0000000632400000|100%| O|  |TAMS 0x0000000632000000| PB 0x0000000632000000| Untracked |  0
| 184|0x0000000632400000, 0x0000000632800000, 0x0000000632800000|100%| O|  |TAMS 0x0000000632800000| PB 0x0000000632400000| Untracked |  0
| 185|0x0000000632800000, 0x0000000632c00000, 0x0000000632c00000|100%| O|  |TAMS 0x0000000632c00000| PB 0x0000000632800000| Untracked |  0
| 186|0x0000000632c00000, 0x0000000633000000, 0x0000000633000000|100%| O|  |TAMS 0x0000000632c00000| PB 0x0000000632c00000| Untracked |  0
| 187|0x0000000633000000, 0x0000000633400000, 0x0000000633400000|100%| O|  |TAMS 0x0000000633400000| PB 0x0000000633000000| Untracked |  0
| 188|0x0000000633400000, 0x0000000633800000, 0x0000000633800000|100%| O|  |TAMS 0x0000000633800000| PB 0x0000000633400000| Untracked |  0
| 189|0x0000000633800000, 0x0000000633c00000, 0x0000000633c00000|100%| O|  |TAMS 0x0000000633c00000| PB 0x0000000633800000| Untracked |  0
| 190|0x0000000633c00000, 0x0000000634000000, 0x0000000634000000|100%| O|  |TAMS 0x0000000634000000| PB 0x0000000633c00000| Untracked |  0
| 191|0x0000000634000000, 0x0000000634400000, 0x0000000634400000|100%| O|  |TAMS 0x0000000634400000| PB 0x0000000634000000| Untracked |  0
| 192|0x0000000634400000, 0x0000000634800000, 0x0000000634800000|100%| O|  |TAMS 0x0000000634800000| PB 0x0000000634400000| Untracked |  0
| 193|0x0000000634800000, 0x0000000634c00000, 0x0000000634c00000|100%| O|  |TAMS 0x0000000634c00000| PB 0x0000000634800000| Untracked |  0
| 194|0x0000000634c00000, 0x0000000635000000, 0x0000000635000000|100%| O|  |TAMS 0x0000000635000000| PB 0x0000000634c00000| Untracked |  0
| 195|0x0000000635000000, 0x0000000635400000, 0x0000000635400000|100%| O|  |TAMS 0x0000000635400000| PB 0x0000000635000000| Untracked |  0
| 196|0x0000000635400000, 0x0000000635800000, 0x0000000635800000|100%| O|  |TAMS 0x0000000635800000| PB 0x0000000635400000| Untracked |  0
| 197|0x0000000635800000, 0x0000000635c00000, 0x0000000635c00000|100%| O|  |TAMS 0x0000000635c00000| PB 0x0000000635800000| Untracked |  0
| 198|0x0000000635c00000, 0x0000000636000000, 0x0000000636000000|100%| O|  |TAMS 0x0000000636000000| PB 0x0000000635c00000| Untracked |  0
| 199|0x0000000636000000, 0x0000000636400000, 0x0000000636400000|100%| O|  |TAMS 0x0000000636400000| PB 0x0000000636000000| Untracked |  0
| 200|0x0000000636400000, 0x0000000636800000, 0x0000000636800000|100%| O|  |TAMS 0x0000000636800000| PB 0x0000000636400000| Untracked |  0
| 201|0x0000000636800000, 0x0000000636c00000, 0x0000000636c00000|100%| O|  |TAMS 0x0000000636c00000| PB 0x0000000636800000| Untracked |  0
| 202|0x0000000636c00000, 0x0000000637000000, 0x0000000637000000|100%| O|  |TAMS 0x0000000637000000| PB 0x0000000636c00000| Untracked |  0
| 203|0x0000000637000000, 0x0000000637400000, 0x0000000637400000|100%| O|  |TAMS 0x0000000637400000| PB 0x0000000637000000| Untracked |  0
| 204|0x0000000637400000, 0x0000000637800000, 0x0000000637800000|100%| O|  |TAMS 0x0000000637800000| PB 0x0000000637400000| Untracked |  0
| 205|0x0000000637800000, 0x0000000637c00000, 0x0000000637c00000|100%| O|  |TAMS 0x0000000637c00000| PB 0x0000000637800000| Untracked |  0
| 206|0x0000000637c00000, 0x0000000638000000, 0x0000000638000000|100%| O|  |TAMS 0x0000000638000000| PB 0x0000000637c00000| Untracked |  0
| 207|0x0000000638000000, 0x0000000638400000, 0x0000000638400000|100%| O|  |TAMS 0x0000000638400000| PB 0x0000000638000000| Untracked |  0
| 208|0x0000000638400000, 0x0000000638800000, 0x0000000638800000|100%| O|  |TAMS 0x0000000638800000| PB 0x0000000638400000| Untracked |  0
| 209|0x0000000638800000, 0x0000000638c00000, 0x0000000638c00000|100%| O|  |TAMS 0x0000000638c00000| PB 0x0000000638800000| Untracked |  0
| 210|0x0000000638c00000, 0x0000000639000000, 0x0000000639000000|100%| O|  |TAMS 0x0000000639000000| PB 0x0000000638c00000| Untracked |  0
| 211|0x0000000639000000, 0x0000000639400000, 0x0000000639400000|100%| O|  |TAMS 0x0000000639400000| PB 0x0000000639000000| Untracked |  0
| 212|0x0000000639400000, 0x0000000639800000, 0x0000000639800000|100%| O|  |TAMS 0x0000000639800000| PB 0x0000000639400000| Untracked |  0
| 213|0x0000000639800000, 0x0000000639c00000, 0x0000000639c00000|100%| O|  |TAMS 0x0000000639c00000| PB 0x0000000639800000| Untracked |  0
| 214|0x0000000639c00000, 0x000000063a000000, 0x000000063a000000|100%| O|  |TAMS 0x000000063a000000| PB 0x0000000639c00000| Untracked |  0
| 215|0x000000063a000000, 0x000000063a400000, 0x000000063a400000|100%| O|  |TAMS 0x000000063a400000| PB 0x000000063a000000| Untracked |  0
| 216|0x000000063a400000, 0x000000063a800000, 0x000000063a800000|100%| O|  |TAMS 0x000000063a800000| PB 0x000000063a400000| Untracked |  0
| 217|0x000000063a800000, 0x000000063ac00000, 0x000000063ac00000|100%| O|  |TAMS 0x000000063ac00000| PB 0x000000063a800000| Untracked |  0
| 218|0x000000063ac00000, 0x000000063b000000, 0x000000063b000000|100%| O|  |TAMS 0x000000063b000000| PB 0x000000063ac00000| Untracked |  0
| 219|0x000000063b000000, 0x000000063b400000, 0x000000063b400000|100%| O|  |TAMS 0x000000063b400000| PB 0x000000063b000000| Untracked |  0
| 220|0x000000063b400000, 0x000000063b800000, 0x000000063b800000|100%| O|  |TAMS 0x000000063b800000| PB 0x000000063b400000| Untracked |  0
| 221|0x000000063b800000, 0x000000063bc00000, 0x000000063bc00000|100%| O|  |TAMS 0x000000063bc00000| PB 0x000000063b800000| Untracked |  0
| 222|0x000000063bc00000, 0x000000063c000000, 0x000000063c000000|100%| O|  |TAMS 0x000000063c000000| PB 0x000000063bc00000| Untracked |  0
| 223|0x000000063c000000, 0x000000063c400000, 0x000000063c400000|100%| O|  |TAMS 0x000000063c400000| PB 0x000000063c000000| Untracked |  0
| 224|0x000000063c400000, 0x000000063c800000, 0x000000063c800000|100%| O|  |TAMS 0x000000063c800000| PB 0x000000063c400000| Untracked |  0
| 225|0x000000063c800000, 0x000000063cc00000, 0x000000063cc00000|100%| O|  |TAMS 0x000000063cc00000| PB 0x000000063c800000| Untracked |  0
| 226|0x000000063cc00000, 0x000000063d000000, 0x000000063d000000|100%| O|  |TAMS 0x000000063d000000| PB 0x000000063cc00000| Untracked |  0
| 227|0x000000063d000000, 0x000000063d400000, 0x000000063d400000|100%| O|  |TAMS 0x000000063d400000| PB 0x000000063d000000| Untracked |  0
| 228|0x000000063d400000, 0x000000063d800000, 0x000000063d800000|100%| O|  |TAMS 0x000000063d800000| PB 0x000000063d400000| Untracked |  0
| 229|0x000000063d800000, 0x000000063dc00000, 0x000000063dc00000|100%| O|  |TAMS 0x000000063dc00000| PB 0x000000063d800000| Untracked |  0
| 230|0x000000063dc00000, 0x000000063e000000, 0x000000063e000000|100%| O|  |TAMS 0x000000063e000000| PB 0x000000063dc00000| Untracked |  0
| 231|0x000000063e000000, 0x000000063e400000, 0x000000063e400000|100%| O|  |TAMS 0x000000063e400000| PB 0x000000063e000000| Untracked |  0
| 232|0x000000063e400000, 0x000000063e800000, 0x000000063e800000|100%| O|  |TAMS 0x000000063e800000| PB 0x000000063e400000| Untracked |  0
| 233|0x000000063e800000, 0x000000063ec00000, 0x000000063ec00000|100%| O|  |TAMS 0x000000063ec00000| PB 0x000000063e800000| Untracked |  0
| 234|0x000000063ec00000, 0x000000063f000000, 0x000000063f000000|100%| O|  |TAMS 0x000000063f000000| PB 0x000000063ec00000| Untracked |  0
| 235|0x000000063f000000, 0x000000063f400000, 0x000000063f400000|100%| O|  |TAMS 0x000000063f400000| PB 0x000000063f000000| Untracked |  0
| 236|0x000000063f400000, 0x000000063f800000, 0x000000063f800000|100%| O|  |TAMS 0x000000063f800000| PB 0x000000063f400000| Untracked |  0
| 237|0x000000063f800000, 0x000000063fc00000, 0x000000063fc00000|100%| O|  |TAMS 0x000000063fc00000| PB 0x000000063f800000| Untracked |  0
| 238|0x000000063fc00000, 0x0000000640000000, 0x0000000640000000|100%| O|  |TAMS 0x0000000640000000| PB 0x000000063fc00000| Untracked |  0
| 239|0x0000000640000000, 0x0000000640400000, 0x0000000640400000|100%| O|  |TAMS 0x0000000640400000| PB 0x0000000640000000| Untracked |  0
| 240|0x0000000640400000, 0x0000000640800000, 0x0000000640800000|100%| O|  |TAMS 0x0000000640800000| PB 0x0000000640400000| Untracked |  0
| 241|0x0000000640800000, 0x0000000640c00000, 0x0000000640c00000|100%| O|  |TAMS 0x0000000640c00000| PB 0x0000000640800000| Untracked |  0
| 242|0x0000000640c00000, 0x0000000641000000, 0x0000000641000000|100%| O|  |TAMS 0x0000000641000000| PB 0x0000000640c00000| Untracked |  0
| 243|0x0000000641000000, 0x0000000641400000, 0x0000000641400000|100%| O|  |TAMS 0x0000000641400000| PB 0x0000000641000000| Untracked |  0
| 244|0x0000000641400000, 0x0000000641800000, 0x0000000641800000|100%| O|  |TAMS 0x0000000641800000| PB 0x0000000641400000| Untracked |  0
| 245|0x0000000641800000, 0x0000000641c00000, 0x0000000641c00000|100%| O|  |TAMS 0x0000000641c00000| PB 0x0000000641800000| Untracked |  0
| 246|0x0000000641c00000, 0x0000000642000000, 0x0000000642000000|100%| O|  |TAMS 0x0000000642000000| PB 0x0000000641c00000| Untracked |  0
| 247|0x0000000642000000, 0x0000000642400000, 0x0000000642400000|100%| O|  |TAMS 0x0000000642400000| PB 0x0000000642000000| Untracked |  0
| 248|0x0000000642400000, 0x0000000642800000, 0x0000000642800000|100%| O|  |TAMS 0x0000000642800000| PB 0x0000000642400000| Untracked |  0
| 249|0x0000000642800000, 0x0000000642c00000, 0x0000000642c00000|100%| O|  |TAMS 0x0000000642c00000| PB 0x0000000642800000| Untracked |  0
| 250|0x0000000642c00000, 0x0000000643000000, 0x0000000643000000|100%| O|  |TAMS 0x0000000643000000| PB 0x0000000642c00000| Untracked |  0
| 251|0x0000000643000000, 0x0000000643400000, 0x0000000643400000|100%| O|  |TAMS 0x0000000643400000| PB 0x0000000643000000| Untracked |  0
| 252|0x0000000643400000, 0x0000000643800000, 0x0000000643800000|100%| O|  |TAMS 0x0000000643800000| PB 0x0000000643400000| Untracked |  0
| 253|0x0000000643800000, 0x0000000643c00000, 0x0000000643c00000|100%| O|  |TAMS 0x0000000643c00000| PB 0x0000000643800000| Untracked |  0
| 254|0x0000000643c00000, 0x0000000644000000, 0x0000000644000000|100%| O|  |TAMS 0x0000000644000000| PB 0x0000000643c00000| Untracked |  0
| 255|0x0000000644000000, 0x0000000644400000, 0x0000000644400000|100%| O|  |TAMS 0x0000000644400000| PB 0x0000000644000000| Untracked |  0
| 256|0x0000000644400000, 0x0000000644800000, 0x0000000644800000|100%| O|  |TAMS 0x0000000644800000| PB 0x0000000644400000| Untracked |  0
| 257|0x0000000644800000, 0x0000000644c00000, 0x0000000644c00000|100%| O|  |TAMS 0x0000000644c00000| PB 0x0000000644800000| Untracked |  0
| 258|0x0000000644c00000, 0x0000000645000000, 0x0000000645000000|100%| O|  |TAMS 0x0000000645000000| PB 0x0000000644c00000| Untracked |  0
| 259|0x0000000645000000, 0x0000000645400000, 0x0000000645400000|100%| O|  |TAMS 0x0000000645400000| PB 0x0000000645000000| Untracked |  0
| 260|0x0000000645400000, 0x0000000645800000, 0x0000000645800000|100%| O|  |TAMS 0x0000000645800000| PB 0x0000000645400000| Untracked |  0
| 261|0x0000000645800000, 0x0000000645c00000, 0x0000000645c00000|100%| O|  |TAMS 0x0000000645c00000| PB 0x0000000645800000| Untracked |  0
| 262|0x0000000645c00000, 0x0000000646000000, 0x0000000646000000|100%| O|  |TAMS 0x0000000646000000| PB 0x0000000645c00000| Untracked |  0
| 263|0x0000000646000000, 0x0000000646400000, 0x0000000646400000|100%| O|  |TAMS 0x0000000646400000| PB 0x0000000646000000| Untracked |  0
| 264|0x0000000646400000, 0x0000000646800000, 0x0000000646800000|100%| O|  |TAMS 0x0000000646800000| PB 0x0000000646400000| Untracked |  0
| 265|0x0000000646800000, 0x0000000646c00000, 0x0000000646c00000|100%| O|  |TAMS 0x0000000646800000| PB 0x0000000646800000| Untracked |  0
| 266|0x0000000646c00000, 0x0000000647000000, 0x0000000647000000|100%| O|  |TAMS 0x0000000647000000| PB 0x0000000646c00000| Untracked |  0
| 267|0x0000000647000000, 0x0000000647400000, 0x0000000647400000|100%| O|  |TAMS 0x0000000647400000| PB 0x0000000647000000| Untracked |  0
| 268|0x0000000647400000, 0x0000000647800000, 0x0000000647800000|100%| O|  |TAMS 0x0000000647800000| PB 0x0000000647400000| Untracked |  0
| 269|0x0000000647800000, 0x0000000647c00000, 0x0000000647c00000|100%| O|  |TAMS 0x0000000647c00000| PB 0x0000000647800000| Untracked |  0
| 270|0x0000000647c00000, 0x0000000648000000, 0x0000000648000000|100%| O|  |TAMS 0x0000000648000000| PB 0x0000000647c00000| Untracked |  0
| 271|0x0000000648000000, 0x0000000648400000, 0x0000000648400000|100%| O|  |TAMS 0x0000000648400000| PB 0x0000000648000000| Untracked |  0
| 272|0x0000000648400000, 0x0000000648800000, 0x0000000648800000|100%| O|  |TAMS 0x0000000648800000| PB 0x0000000648400000| Untracked |  0
| 273|0x0000000648800000, 0x0000000648c00000, 0x0000000648c00000|100%| O|  |TAMS 0x0000000648c00000| PB 0x0000000648800000| Untracked |  0
| 274|0x0000000648c00000, 0x0000000649000000, 0x0000000649000000|100%| O|  |TAMS 0x0000000649000000| PB 0x0000000648c00000| Untracked |  0
| 275|0x0000000649000000, 0x0000000649400000, 0x0000000649400000|100%| O|  |TAMS 0x0000000649400000| PB 0x0000000649000000| Untracked |  0
| 276|0x0000000649400000, 0x0000000649800000, 0x0000000649800000|100%| O|  |TAMS 0x0000000649800000| PB 0x0000000649400000| Untracked |  0
| 277|0x0000000649800000, 0x0000000649c00000, 0x0000000649c00000|100%| O|  |TAMS 0x0000000649c00000| PB 0x0000000649800000| Untracked |  0
| 278|0x0000000649c00000, 0x000000064a000000, 0x000000064a000000|100%| O|  |TAMS 0x000000064a000000| PB 0x0000000649c00000| Untracked |  0
| 279|0x000000064a000000, 0x000000064a400000, 0x000000064a400000|100%| O|  |TAMS 0x000000064a400000| PB 0x000000064a000000| Untracked |  0
| 280|0x000000064a400000, 0x000000064a800000, 0x000000064a800000|100%| O|  |TAMS 0x000000064a800000| PB 0x000000064a400000| Untracked |  0
| 281|0x000000064a800000, 0x000000064ac00000, 0x000000064ac00000|100%| O|  |TAMS 0x000000064ac00000| PB 0x000000064a800000| Untracked |  0
| 282|0x000000064ac00000, 0x000000064b000000, 0x000000064b000000|100%| O|  |TAMS 0x000000064b000000| PB 0x000000064ac00000| Untracked |  0
| 283|0x000000064b000000, 0x000000064b400000, 0x000000064b400000|100%| O|  |TAMS 0x000000064b400000| PB 0x000000064b000000| Untracked |  0
| 284|0x000000064b400000, 0x000000064b800000, 0x000000064b800000|100%| O|  |TAMS 0x000000064b800000| PB 0x000000064b400000| Untracked |  0
| 285|0x000000064b800000, 0x000000064bc00000, 0x000000064bc00000|100%| O|  |TAMS 0x000000064bc00000| PB 0x000000064b800000| Untracked |  0
| 286|0x000000064bc00000, 0x000000064c000000, 0x000000064c000000|100%| O|  |TAMS 0x000000064c000000| PB 0x000000064bc00000| Untracked |  0
| 287|0x000000064c000000, 0x000000064c400000, 0x000000064c400000|100%| O|  |TAMS 0x000000064c400000| PB 0x000000064c000000| Untracked |  0
| 288|0x000000064c400000, 0x000000064c800000, 0x000000064c800000|100%| O|  |TAMS 0x000000064c800000| PB 0x000000064c400000| Untracked |  0
| 289|0x000000064c800000, 0x000000064cc00000, 0x000000064cc00000|100%| O|  |TAMS 0x000000064cc00000| PB 0x000000064c800000| Untracked |  0
| 290|0x000000064cc00000, 0x000000064d000000, 0x000000064d000000|100%| O|  |TAMS 0x000000064d000000| PB 0x000000064cc00000| Untracked |  0
| 291|0x000000064d000000, 0x000000064d400000, 0x000000064d400000|100%| O|  |TAMS 0x000000064d400000| PB 0x000000064d000000| Untracked |  0
| 292|0x000000064d400000, 0x000000064d800000, 0x000000064d800000|100%| O|  |TAMS 0x000000064d800000| PB 0x000000064d400000| Untracked |  0
| 293|0x000000064d800000, 0x000000064dc00000, 0x000000064dc00000|100%| O|  |TAMS 0x000000064dc00000| PB 0x000000064d800000| Untracked |  0
| 294|0x000000064dc00000, 0x000000064e000000, 0x000000064e000000|100%| O|  |TAMS 0x000000064e000000| PB 0x000000064dc00000| Untracked |  0
| 295|0x000000064e000000, 0x000000064e400000, 0x000000064e400000|100%| O|  |TAMS 0x000000064e400000| PB 0x000000064e000000| Untracked |  0
| 296|0x000000064e400000, 0x000000064e800000, 0x000000064e800000|100%| O|  |TAMS 0x000000064e800000| PB 0x000000064e400000| Untracked |  0
| 297|0x000000064e800000, 0x000000064ec00000, 0x000000064ec00000|100%| O|  |TAMS 0x000000064ec00000| PB 0x000000064e800000| Untracked |  0
| 298|0x000000064ec00000, 0x000000064f000000, 0x000000064f000000|100%| O|  |TAMS 0x000000064f000000| PB 0x000000064ec00000| Untracked |  0
| 299|0x000000064f000000, 0x000000064f400000, 0x000000064f400000|100%| O|  |TAMS 0x000000064f400000| PB 0x000000064f000000| Untracked |  0
| 300|0x000000064f400000, 0x000000064f800000, 0x000000064f800000|100%| O|  |TAMS 0x000000064f800000| PB 0x000000064f400000| Untracked |  0
| 301|0x000000064f800000, 0x000000064fc00000, 0x000000064fc00000|100%| O|  |TAMS 0x000000064fc00000| PB 0x000000064f800000| Untracked |  0
| 302|0x000000064fc00000, 0x0000000650000000, 0x0000000650000000|100%| O|  |TAMS 0x0000000650000000| PB 0x000000064fc00000| Untracked |  0
| 303|0x0000000650000000, 0x0000000650400000, 0x0000000650400000|100%| O|  |TAMS 0x0000000650400000| PB 0x0000000650000000| Untracked |  0
| 304|0x0000000650400000, 0x0000000650800000, 0x0000000650800000|100%| O|  |TAMS 0x0000000650800000| PB 0x0000000650400000| Untracked |  0
| 305|0x0000000650800000, 0x0000000650c00000, 0x0000000650c00000|100%| O|  |TAMS 0x0000000650c00000| PB 0x0000000650800000| Untracked |  0
| 306|0x0000000650c00000, 0x0000000651000000, 0x0000000651000000|100%| O|  |TAMS 0x0000000651000000| PB 0x0000000650c00000| Untracked |  0
| 307|0x0000000651000000, 0x0000000651400000, 0x0000000651400000|100%| O|  |TAMS 0x0000000651400000| PB 0x0000000651000000| Untracked |  0
| 308|0x0000000651400000, 0x0000000651800000, 0x0000000651800000|100%| O|  |TAMS 0x0000000651800000| PB 0x0000000651400000| Untracked |  0
| 309|0x0000000651800000, 0x0000000651c00000, 0x0000000651c00000|100%| O|  |TAMS 0x0000000651c00000| PB 0x0000000651800000| Untracked |  0
| 310|0x0000000651c00000, 0x0000000652000000, 0x0000000652000000|100%| O|  |TAMS 0x0000000652000000| PB 0x0000000651c00000| Untracked |  0
| 311|0x0000000652000000, 0x0000000652400000, 0x0000000652400000|100%| O|  |TAMS 0x0000000652400000| PB 0x0000000652000000| Untracked |  0
| 312|0x0000000652400000, 0x0000000652800000, 0x0000000652800000|100%| O|  |TAMS 0x0000000652800000| PB 0x0000000652400000| Untracked |  0
| 313|0x0000000652800000, 0x0000000652c00000, 0x0000000652c00000|100%| O|  |TAMS 0x0000000652c00000| PB 0x0000000652800000| Untracked |  0
| 314|0x0000000652c00000, 0x0000000653000000, 0x0000000653000000|100%| O|  |TAMS 0x0000000653000000| PB 0x0000000652c00000| Untracked |  0
| 315|0x0000000653000000, 0x0000000653400000, 0x0000000653400000|100%| O|  |TAMS 0x0000000653400000| PB 0x0000000653000000| Untracked |  0
| 316|0x0000000653400000, 0x0000000653800000, 0x0000000653800000|100%| O|  |TAMS 0x0000000653800000| PB 0x0000000653400000| Untracked |  0
| 317|0x0000000653800000, 0x0000000653c00000, 0x0000000653c00000|100%| O|  |TAMS 0x0000000653c00000| PB 0x0000000653800000| Untracked |  0
| 318|0x0000000653c00000, 0x0000000654000000, 0x0000000654000000|100%| O|  |TAMS 0x0000000654000000| PB 0x0000000653c00000| Untracked |  0
| 319|0x0000000654000000, 0x0000000654400000, 0x0000000654400000|100%| O|  |TAMS 0x0000000654400000| PB 0x0000000654000000| Untracked |  0
| 320|0x0000000654400000, 0x0000000654800000, 0x0000000654800000|100%| O|  |TAMS 0x0000000654800000| PB 0x0000000654400000| Untracked |  0
| 321|0x0000000654800000, 0x0000000654c00000, 0x0000000654c00000|100%| O|  |TAMS 0x0000000654c00000| PB 0x0000000654800000| Untracked |  0
| 322|0x0000000654c00000, 0x0000000655000000, 0x0000000655000000|100%| O|  |TAMS 0x0000000655000000| PB 0x0000000654c00000| Untracked |  0
| 323|0x0000000655000000, 0x0000000655400000, 0x0000000655400000|100%| O|  |TAMS 0x0000000655400000| PB 0x0000000655000000| Untracked |  0
| 324|0x0000000655400000, 0x0000000655800000, 0x0000000655800000|100%| O|  |TAMS 0x0000000655800000| PB 0x0000000655400000| Untracked |  0
| 325|0x0000000655800000, 0x0000000655c00000, 0x0000000655c00000|100%| O|  |TAMS 0x0000000655c00000| PB 0x0000000655800000| Untracked |  0
| 326|0x0000000655c00000, 0x0000000656000000, 0x0000000656000000|100%| O|  |TAMS 0x0000000656000000| PB 0x0000000655c00000| Untracked |  0
| 327|0x0000000656000000, 0x0000000656400000, 0x0000000656400000|100%| O|  |TAMS 0x0000000656400000| PB 0x0000000656000000| Untracked |  0
| 328|0x0000000656400000, 0x0000000656800000, 0x0000000656800000|100%| O|  |TAMS 0x0000000656800000| PB 0x0000000656400000| Untracked |  0
| 329|0x0000000656800000, 0x0000000656c00000, 0x0000000656c00000|100%| O|  |TAMS 0x0000000656c00000| PB 0x0000000656800000| Untracked |  0
| 330|0x0000000656c00000, 0x0000000657000000, 0x0000000657000000|100%| O|  |TAMS 0x0000000657000000| PB 0x0000000656c00000| Untracked |  0
| 331|0x0000000657000000, 0x0000000657400000, 0x0000000657400000|100%| O|  |TAMS 0x0000000657400000| PB 0x0000000657000000| Untracked |  0
| 332|0x0000000657400000, 0x0000000657800000, 0x0000000657800000|100%| O|  |TAMS 0x0000000657800000| PB 0x0000000657400000| Untracked |  0
| 333|0x0000000657800000, 0x0000000657c00000, 0x0000000657c00000|100%| O|  |TAMS 0x0000000657c00000| PB 0x0000000657800000| Untracked |  0
| 334|0x0000000657c00000, 0x0000000658000000, 0x0000000658000000|100%| O|  |TAMS 0x0000000658000000| PB 0x0000000657c00000| Untracked |  0
| 335|0x0000000658000000, 0x0000000658400000, 0x0000000658400000|100%| O|  |TAMS 0x0000000658400000| PB 0x0000000658000000| Untracked |  0
| 336|0x0000000658400000, 0x0000000658800000, 0x0000000658800000|100%| O|  |TAMS 0x0000000658800000| PB 0x0000000658400000| Untracked |  0
| 337|0x0000000658800000, 0x0000000658c00000, 0x0000000658c00000|100%| O|  |TAMS 0x0000000658c00000| PB 0x0000000658800000| Untracked |  0
| 338|0x0000000658c00000, 0x0000000659000000, 0x0000000659000000|100%| O|  |TAMS 0x0000000659000000| PB 0x0000000658c00000| Untracked |  0
| 339|0x0000000659000000, 0x0000000659400000, 0x0000000659400000|100%| O|  |TAMS 0x0000000659400000| PB 0x0000000659000000| Untracked |  0
| 340|0x0000000659400000, 0x0000000659800000, 0x0000000659800000|100%| O|  |TAMS 0x0000000659800000| PB 0x0000000659400000| Untracked |  0
| 341|0x0000000659800000, 0x0000000659c00000, 0x0000000659c00000|100%| O|  |TAMS 0x0000000659c00000| PB 0x0000000659800000| Untracked |  0
| 342|0x0000000659c00000, 0x000000065a000000, 0x000000065a000000|100%| O|  |TAMS 0x000000065a000000| PB 0x0000000659c00000| Untracked |  0
| 343|0x000000065a000000, 0x000000065a400000, 0x000000065a400000|100%| O|  |TAMS 0x000000065a400000| PB 0x000000065a000000| Untracked |  0
| 344|0x000000065a400000, 0x000000065a800000, 0x000000065a800000|100%| O|  |TAMS 0x000000065a800000| PB 0x000000065a400000| Untracked |  0
| 345|0x000000065a800000, 0x000000065ac00000, 0x000000065ac00000|100%| O|  |TAMS 0x000000065ac00000| PB 0x000000065a800000| Untracked |  0
| 346|0x000000065ac00000, 0x000000065b000000, 0x000000065b000000|100%| O|  |TAMS 0x000000065b000000| PB 0x000000065ac00000| Untracked |  0
| 347|0x000000065b000000, 0x000000065b400000, 0x000000065b400000|100%| O|  |TAMS 0x000000065b400000| PB 0x000000065b000000| Untracked |  0
| 348|0x000000065b400000, 0x000000065b800000, 0x000000065b800000|100%| O|  |TAMS 0x000000065b800000| PB 0x000000065b400000| Untracked |  0
| 349|0x000000065b800000, 0x000000065bc00000, 0x000000065bc00000|100%| O|  |TAMS 0x000000065bc00000| PB 0x000000065b800000| Untracked |  0
| 350|0x000000065bc00000, 0x000000065c000000, 0x000000065c000000|100%| O|  |TAMS 0x000000065c000000| PB 0x000000065bc00000| Untracked |  0
| 351|0x000000065c000000, 0x000000065c400000, 0x000000065c400000|100%| O|  |TAMS 0x000000065c400000| PB 0x000000065c000000| Untracked |  0
| 352|0x000000065c400000, 0x000000065c800000, 0x000000065c800000|100%| O|  |TAMS 0x000000065c800000| PB 0x000000065c400000| Untracked |  0
| 353|0x000000065c800000, 0x000000065cc00000, 0x000000065cc00000|100%| O|  |TAMS 0x000000065cc00000| PB 0x000000065c800000| Untracked |  0
| 354|0x000000065cc00000, 0x000000065d000000, 0x000000065d000000|100%| O|  |TAMS 0x000000065d000000| PB 0x000000065cc00000| Untracked |  0
| 355|0x000000065d000000, 0x000000065d400000, 0x000000065d400000|100%| O|  |TAMS 0x000000065d400000| PB 0x000000065d000000| Untracked |  0
| 356|0x000000065d400000, 0x000000065d800000, 0x000000065d800000|100%| O|  |TAMS 0x000000065d800000| PB 0x000000065d400000| Untracked |  0
| 357|0x000000065d800000, 0x000000065dc00000, 0x000000065dc00000|100%| O|  |TAMS 0x000000065dc00000| PB 0x000000065d800000| Untracked |  0
| 358|0x000000065dc00000, 0x000000065e000000, 0x000000065e000000|100%| O|  |TAMS 0x000000065e000000| PB 0x000000065dc00000| Untracked |  0
| 359|0x000000065e000000, 0x000000065e400000, 0x000000065e400000|100%| O|  |TAMS 0x000000065e400000| PB 0x000000065e000000| Untracked |  0
| 360|0x000000065e400000, 0x000000065e800000, 0x000000065e800000|100%| O|  |TAMS 0x000000065e800000| PB 0x000000065e400000| Untracked |  0
| 361|0x000000065e800000, 0x000000065ec00000, 0x000000065ec00000|100%| O|  |TAMS 0x000000065ec00000| PB 0x000000065e800000| Untracked |  0
| 362|0x000000065ec00000, 0x000000065f000000, 0x000000065f000000|100%| O|  |TAMS 0x000000065f000000| PB 0x000000065ec00000| Untracked |  0
| 363|0x000000065f000000, 0x000000065f400000, 0x000000065f400000|100%| O|  |TAMS 0x000000065f400000| PB 0x000000065f000000| Untracked |  0
| 364|0x000000065f400000, 0x000000065f800000, 0x000000065f800000|100%| O|  |TAMS 0x000000065f800000| PB 0x000000065f400000| Untracked |  0
| 365|0x000000065f800000, 0x000000065fc00000, 0x000000065fc00000|100%| O|  |TAMS 0x000000065fc00000| PB 0x000000065f800000| Untracked |  0
| 366|0x000000065fc00000, 0x0000000660000000, 0x0000000660000000|100%| O|  |TAMS 0x0000000660000000| PB 0x000000065fc00000| Untracked |  0
| 367|0x0000000660000000, 0x0000000660400000, 0x0000000660400000|100%| O|  |TAMS 0x0000000660400000| PB 0x0000000660000000| Untracked |  0
| 368|0x0000000660400000, 0x0000000660800000, 0x0000000660800000|100%| O|  |TAMS 0x0000000660800000| PB 0x0000000660400000| Untracked |  0
| 369|0x0000000660800000, 0x0000000660c00000, 0x0000000660c00000|100%| O|  |TAMS 0x0000000660c00000| PB 0x0000000660800000| Untracked |  0
| 370|0x0000000660c00000, 0x0000000661000000, 0x0000000661000000|100%| O|  |TAMS 0x0000000661000000| PB 0x0000000660c00000| Untracked |  0
| 371|0x0000000661000000, 0x0000000661400000, 0x0000000661400000|100%| O|  |TAMS 0x0000000661400000| PB 0x0000000661000000| Untracked |  0
| 372|0x0000000661400000, 0x0000000661800000, 0x0000000661800000|100%| O|  |TAMS 0x0000000661800000| PB 0x0000000661400000| Untracked |  0
| 373|0x0000000661800000, 0x0000000661c00000, 0x0000000661c00000|100%| O|  |TAMS 0x0000000661c00000| PB 0x0000000661800000| Untracked |  0
| 374|0x0000000661c00000, 0x0000000662000000, 0x0000000662000000|100%| O|  |TAMS 0x0000000662000000| PB 0x0000000661c00000| Untracked |  0
| 375|0x0000000662000000, 0x0000000662400000, 0x0000000662400000|100%| O|  |TAMS 0x0000000662400000| PB 0x0000000662000000| Untracked |  0
| 376|0x0000000662400000, 0x0000000662800000, 0x0000000662800000|100%| O|  |TAMS 0x0000000662800000| PB 0x0000000662400000| Untracked |  0
| 377|0x0000000662800000, 0x0000000662c00000, 0x0000000662c00000|100%| O|  |TAMS 0x0000000662c00000| PB 0x0000000662800000| Untracked |  0
| 378|0x0000000662c00000, 0x0000000663000000, 0x0000000663000000|100%| O|  |TAMS 0x0000000663000000| PB 0x0000000662c00000| Untracked |  0
| 379|0x0000000663000000, 0x0000000663400000, 0x0000000663400000|100%| O|  |TAMS 0x0000000663400000| PB 0x0000000663000000| Untracked |  0
| 380|0x0000000663400000, 0x0000000663800000, 0x0000000663800000|100%| O|  |TAMS 0x0000000663800000| PB 0x0000000663400000| Untracked |  0
| 381|0x0000000663800000, 0x0000000663c00000, 0x0000000663c00000|100%| O|  |TAMS 0x0000000663c00000| PB 0x0000000663800000| Untracked |  0
| 382|0x0000000663c00000, 0x0000000664000000, 0x0000000664000000|100%|HS|  |TAMS 0x0000000664000000| PB 0x0000000663c00000| Complete |  0
| 383|0x0000000664000000, 0x0000000664400000, 0x0000000664400000|100%|HC|  |TAMS 0x0000000664400000| PB 0x0000000664000000| Complete |  0
| 384|0x0000000664400000, 0x0000000664800000, 0x0000000664800000|100%|HC|  |TAMS 0x0000000664800000| PB 0x0000000664400000| Complete |  0
| 385|0x0000000664800000, 0x0000000664c00000, 0x0000000664c00000|100%|HC|  |TAMS 0x0000000664c00000| PB 0x0000000664800000| Complete |  0
| 386|0x0000000664c00000, 0x0000000665000000, 0x0000000665000000|100%|HC|  |TAMS 0x0000000665000000| PB 0x0000000664c00000| Complete |  0
| 387|0x0000000665000000, 0x0000000665400000, 0x0000000665400000|100%| O|  |TAMS 0x0000000665400000| PB 0x0000000665000000| Untracked |  0
| 388|0x0000000665400000, 0x0000000665800000, 0x0000000665800000|100%| O|  |TAMS 0x0000000665800000| PB 0x0000000665400000| Untracked |  0
| 389|0x0000000665800000, 0x0000000665c00000, 0x0000000665c00000|100%| O|  |TAMS 0x0000000665c00000| PB 0x0000000665800000| Untracked |  0
| 390|0x0000000665c00000, 0x0000000666000000, 0x0000000666000000|100%| O|  |TAMS 0x0000000666000000| PB 0x0000000665c00000| Untracked |  0
| 391|0x0000000666000000, 0x0000000666400000, 0x0000000666400000|100%| O|  |TAMS 0x0000000666400000| PB 0x0000000666000000| Untracked |  0
| 392|0x0000000666400000, 0x0000000666800000, 0x0000000666800000|100%| O|  |TAMS 0x0000000666800000| PB 0x0000000666400000| Untracked |  0
| 393|0x0000000666800000, 0x0000000666c00000, 0x0000000666c00000|100%| O|  |TAMS 0x0000000666c00000| PB 0x0000000666800000| Untracked |  0
| 394|0x0000000666c00000, 0x0000000667000000, 0x0000000667000000|100%| O|  |TAMS 0x0000000667000000| PB 0x0000000666c00000| Untracked |  0
| 395|0x0000000667000000, 0x0000000667400000, 0x0000000667400000|100%| O|  |TAMS 0x0000000667400000| PB 0x0000000667000000| Untracked |  0
| 396|0x0000000667400000, 0x0000000667800000, 0x0000000667800000|100%| O|  |TAMS 0x0000000667800000| PB 0x0000000667400000| Untracked |  0
| 397|0x0000000667800000, 0x0000000667c00000, 0x0000000667c00000|100%| O|  |TAMS 0x0000000667c00000| PB 0x0000000667800000| Untracked |  0
| 398|0x0000000667c00000, 0x0000000668000000, 0x0000000668000000|100%| O|  |TAMS 0x0000000668000000| PB 0x0000000667c00000| Untracked |  0
| 399|0x0000000668000000, 0x0000000668400000, 0x0000000668400000|100%| O|  |TAMS 0x0000000668400000| PB 0x0000000668000000| Untracked |  0
| 400|0x0000000668400000, 0x0000000668800000, 0x0000000668800000|100%| O|  |TAMS 0x0000000668800000| PB 0x0000000668400000| Untracked |  0
| 401|0x0000000668800000, 0x0000000668c00000, 0x0000000668c00000|100%| O|  |TAMS 0x0000000668c00000| PB 0x0000000668800000| Untracked |  0
| 402|0x0000000668c00000, 0x0000000669000000, 0x0000000669000000|100%| O|  |TAMS 0x0000000669000000| PB 0x0000000668c00000| Untracked |  0
| 403|0x0000000669000000, 0x0000000669400000, 0x0000000669400000|100%| O|  |TAMS 0x0000000669400000| PB 0x0000000669000000| Untracked |  0
| 404|0x0000000669400000, 0x0000000669800000, 0x0000000669800000|100%| O|  |TAMS 0x0000000669800000| PB 0x0000000669400000| Untracked |  0
| 405|0x0000000669800000, 0x0000000669c00000, 0x0000000669c00000|100%| O|  |TAMS 0x0000000669c00000| PB 0x0000000669800000| Untracked |  0
| 406|0x0000000669c00000, 0x000000066a000000, 0x000000066a000000|100%| O|  |TAMS 0x000000066a000000| PB 0x0000000669c00000| Untracked |  0
| 407|0x000000066a000000, 0x000000066a400000, 0x000000066a400000|100%| O|  |TAMS 0x000000066a400000| PB 0x000000066a000000| Untracked |  0
| 408|0x000000066a400000, 0x000000066a800000, 0x000000066a800000|100%| O|  |TAMS 0x000000066a800000| PB 0x000000066a400000| Untracked |  0
| 409|0x000000066a800000, 0x000000066ac00000, 0x000000066ac00000|100%| O|  |TAMS 0x000000066ac00000| PB 0x000000066a800000| Untracked |  0
| 410|0x000000066ac00000, 0x000000066b000000, 0x000000066b000000|100%| O|  |TAMS 0x000000066b000000| PB 0x000000066ac00000| Untracked |  0
| 411|0x000000066b000000, 0x000000066b400000, 0x000000066b400000|100%| O|  |TAMS 0x000000066b400000| PB 0x000000066b000000| Untracked |  0
| 412|0x000000066b400000, 0x000000066b800000, 0x000000066b800000|100%| O|  |TAMS 0x000000066b800000| PB 0x000000066b400000| Untracked |  0
| 413|0x000000066b800000, 0x000000066bc00000, 0x000000066bc00000|100%| O|  |TAMS 0x000000066bc00000| PB 0x000000066b800000| Untracked |  0
| 414|0x000000066bc00000, 0x000000066c000000, 0x000000066c000000|100%| O|  |TAMS 0x000000066c000000| PB 0x000000066bc00000| Untracked |  0
| 415|0x000000066c000000, 0x000000066c400000, 0x000000066c400000|100%| O|  |TAMS 0x000000066c400000| PB 0x000000066c000000| Untracked |  0
| 416|0x000000066c400000, 0x000000066c800000, 0x000000066c800000|100%| O|  |TAMS 0x000000066c800000| PB 0x000000066c400000| Untracked |  0
| 417|0x000000066c800000, 0x000000066cc00000, 0x000000066cc00000|100%| O|  |TAMS 0x000000066cc00000| PB 0x000000066c800000| Untracked |  0
| 418|0x000000066cc00000, 0x000000066d000000, 0x000000066d000000|100%| O|  |TAMS 0x000000066d000000| PB 0x000000066cc00000| Untracked |  0
| 419|0x000000066d000000, 0x000000066d400000, 0x000000066d400000|100%| O|  |TAMS 0x000000066d400000| PB 0x000000066d000000| Untracked |  0
| 420|0x000000066d400000, 0x000000066d800000, 0x000000066d800000|100%| O|  |TAMS 0x000000066d800000| PB 0x000000066d400000| Untracked |  0
| 421|0x000000066d800000, 0x000000066dc00000, 0x000000066dc00000|100%| O|  |TAMS 0x000000066dc00000| PB 0x000000066d800000| Untracked |  0
| 422|0x000000066dc00000, 0x000000066e000000, 0x000000066e000000|100%| O|  |TAMS 0x000000066e000000| PB 0x000000066dc00000| Untracked |  0
| 423|0x000000066e000000, 0x000000066e400000, 0x000000066e400000|100%| O|  |TAMS 0x000000066e400000| PB 0x000000066e000000| Untracked |  0
| 424|0x000000066e400000, 0x000000066e7fa830, 0x000000066e800000| 99%| O|  |TAMS 0x000000066e7fa830| PB 0x000000066e400000| Untracked |  0
| 425|0x000000066e800000, 0x000000066ec00000, 0x000000066ec00000|100%| O|  |TAMS 0x000000066ec00000| PB 0x000000066e800000| Untracked |  0
| 426|0x000000066ec00000, 0x000000066f000000, 0x000000066f000000|100%| O|  |TAMS 0x000000066f000000| PB 0x000000066ec00000| Untracked |  0
| 427|0x000000066f000000, 0x000000066f400000, 0x000000066f400000|100%| O|  |TAMS 0x000000066f400000| PB 0x000000066f000000| Untracked |  0
| 428|0x000000066f400000, 0x000000066f800000, 0x000000066f800000|100%| O|  |TAMS 0x000000066f800000| PB 0x000000066f400000| Untracked |  0
| 429|0x000000066f800000, 0x000000066fc00000, 0x000000066fc00000|100%| O|  |TAMS 0x000000066fc00000| PB 0x000000066f800000| Untracked |  0
| 430|0x000000066fc00000, 0x0000000670000000, 0x0000000670000000|100%| O|  |TAMS 0x0000000670000000| PB 0x000000066fc00000| Untracked |  0
| 431|0x0000000670000000, 0x0000000670400000, 0x0000000670400000|100%| O|  |TAMS 0x0000000670400000| PB 0x0000000670000000| Untracked |  0
| 432|0x0000000670400000, 0x0000000670800000, 0x0000000670800000|100%| O|  |TAMS 0x0000000670800000| PB 0x0000000670400000| Untracked |  0
| 433|0x0000000670800000, 0x0000000670c00000, 0x0000000670c00000|100%| O|  |TAMS 0x0000000670c00000| PB 0x0000000670800000| Untracked |  0
| 434|0x0000000670c00000, 0x0000000671000000, 0x0000000671000000|100%| O|  |TAMS 0x0000000671000000| PB 0x0000000670c00000| Untracked |  0
| 435|0x0000000671000000, 0x0000000671400000, 0x0000000671400000|100%| O|  |TAMS 0x0000000671400000| PB 0x0000000671000000| Untracked |  0
| 436|0x0000000671400000, 0x0000000671800000, 0x0000000671800000|100%| O|  |TAMS 0x0000000671800000| PB 0x0000000671400000| Untracked |  0
| 437|0x0000000671800000, 0x0000000671c00000, 0x0000000671c00000|100%| O|  |TAMS 0x0000000671c00000| PB 0x0000000671800000| Untracked |  0
| 438|0x0000000671c00000, 0x0000000672000000, 0x0000000672000000|100%| O|  |TAMS 0x0000000672000000| PB 0x0000000671c00000| Untracked |  0
| 439|0x0000000672000000, 0x0000000672400000, 0x0000000672400000|100%| O|  |TAMS 0x0000000672400000| PB 0x0000000672000000| Untracked |  0
| 440|0x0000000672400000, 0x0000000672800000, 0x0000000672800000|100%| O|  |TAMS 0x0000000672800000| PB 0x0000000672400000| Untracked |  0
| 441|0x0000000672800000, 0x0000000672c00000, 0x0000000672c00000|100%| O|  |TAMS 0x0000000672c00000| PB 0x0000000672800000| Untracked |  0
| 442|0x0000000672c00000, 0x0000000673000000, 0x0000000673000000|100%| O|  |TAMS 0x0000000673000000| PB 0x0000000672c00000| Untracked |  0
| 443|0x0000000673000000, 0x0000000673400000, 0x0000000673400000|100%| O|  |TAMS 0x0000000673400000| PB 0x0000000673000000| Untracked |  0
| 444|0x0000000673400000, 0x0000000673800000, 0x0000000673800000|100%| O|  |TAMS 0x0000000673800000| PB 0x0000000673400000| Untracked |  0
| 445|0x0000000673800000, 0x0000000673c00000, 0x0000000673c00000|100%| O|  |TAMS 0x0000000673c00000| PB 0x0000000673800000| Untracked |  0
| 446|0x0000000673c00000, 0x0000000674000000, 0x0000000674000000|100%| O|  |TAMS 0x0000000674000000| PB 0x0000000673c00000| Untracked |  0
| 447|0x0000000674000000, 0x0000000674400000, 0x0000000674400000|100%| O|  |TAMS 0x0000000674400000| PB 0x0000000674000000| Untracked |  0
| 448|0x0000000674400000, 0x0000000674800000, 0x0000000674800000|100%| O|  |TAMS 0x0000000674800000| PB 0x0000000674400000| Untracked |  0
| 449|0x0000000674800000, 0x0000000674c00000, 0x0000000674c00000|100%| O|  |TAMS 0x0000000674c00000| PB 0x0000000674800000| Untracked |  0
| 450|0x0000000674c00000, 0x0000000675000000, 0x0000000675000000|100%| O|  |TAMS 0x0000000675000000| PB 0x0000000674c00000| Untracked |  0
| 451|0x0000000675000000, 0x0000000675400000, 0x0000000675400000|100%| O|  |TAMS 0x0000000675400000| PB 0x0000000675000000| Untracked |  0
| 452|0x0000000675400000, 0x0000000675800000, 0x0000000675800000|100%| O|  |TAMS 0x0000000675800000| PB 0x0000000675400000| Untracked |  0
| 453|0x0000000675800000, 0x0000000675c00000, 0x0000000675c00000|100%| O|  |TAMS 0x0000000675c00000| PB 0x0000000675800000| Untracked |  0
| 454|0x0000000675c00000, 0x0000000676000000, 0x0000000676000000|100%| O|  |TAMS 0x0000000676000000| PB 0x0000000675c00000| Untracked |  0
| 455|0x0000000676000000, 0x0000000676400000, 0x0000000676400000|100%| O|  |TAMS 0x0000000676400000| PB 0x0000000676000000| Untracked |  0
| 456|0x0000000676400000, 0x0000000676800000, 0x0000000676800000|100%| O|  |TAMS 0x0000000676800000| PB 0x0000000676400000| Untracked |  0
| 457|0x0000000676800000, 0x0000000676c00000, 0x0000000676c00000|100%| O|  |TAMS 0x0000000676c00000| PB 0x0000000676800000| Untracked |  0
| 458|0x0000000676c00000, 0x0000000677000000, 0x0000000677000000|100%| O|  |TAMS 0x0000000677000000| PB 0x0000000676c00000| Untracked |  0
| 459|0x0000000677000000, 0x0000000677400000, 0x0000000677400000|100%| O|  |TAMS 0x0000000677400000| PB 0x0000000677000000| Untracked |  0
| 460|0x0000000677400000, 0x0000000677800000, 0x0000000677800000|100%| O|  |TAMS 0x0000000677800000| PB 0x0000000677400000| Untracked |  0
| 461|0x0000000677800000, 0x0000000677c00000, 0x0000000677c00000|100%| O|  |TAMS 0x0000000677c00000| PB 0x0000000677800000| Untracked |  0
| 462|0x0000000677c00000, 0x0000000678000000, 0x0000000678000000|100%| O|  |TAMS 0x0000000678000000| PB 0x0000000677c00000| Untracked |  0
| 463|0x0000000678000000, 0x0000000678400000, 0x0000000678400000|100%| O|  |TAMS 0x0000000678400000| PB 0x0000000678000000| Untracked |  0
| 464|0x0000000678400000, 0x0000000678800000, 0x0000000678800000|100%| O|  |TAMS 0x0000000678800000| PB 0x0000000678400000| Untracked |  0
| 465|0x0000000678800000, 0x0000000678c00000, 0x0000000678c00000|100%| O|  |TAMS 0x0000000678c00000| PB 0x0000000678800000| Untracked |  0
| 466|0x0000000678c00000, 0x0000000679000000, 0x0000000679000000|100%| O|  |TAMS 0x0000000679000000| PB 0x0000000678c00000| Untracked |  0
| 467|0x0000000679000000, 0x0000000679400000, 0x0000000679400000|100%| O|  |TAMS 0x0000000679400000| PB 0x0000000679000000| Untracked |  0
| 468|0x0000000679400000, 0x0000000679800000, 0x0000000679800000|100%| O|  |TAMS 0x0000000679800000| PB 0x0000000679400000| Untracked |  0
| 469|0x0000000679800000, 0x0000000679c00000, 0x0000000679c00000|100%| O|  |TAMS 0x0000000679c00000| PB 0x0000000679800000| Untracked |  0
| 470|0x0000000679c00000, 0x000000067a000000, 0x000000067a000000|100%| O|  |TAMS 0x000000067a000000| PB 0x0000000679c00000| Untracked |  0
| 471|0x000000067a000000, 0x000000067a400000, 0x000000067a400000|100%| O|  |TAMS 0x000000067a400000| PB 0x000000067a000000| Untracked |  0
| 472|0x000000067a400000, 0x000000067a800000, 0x000000067a800000|100%| O|  |TAMS 0x000000067a800000| PB 0x000000067a400000| Untracked |  0
| 473|0x000000067a800000, 0x000000067ac00000, 0x000000067ac00000|100%| O|  |TAMS 0x000000067ac00000| PB 0x000000067a800000| Untracked |  0
| 474|0x000000067ac00000, 0x000000067b000000, 0x000000067b000000|100%| O|  |TAMS 0x000000067b000000| PB 0x000000067ac00000| Untracked |  0
| 475|0x000000067b000000, 0x000000067b400000, 0x000000067b400000|100%| O|  |TAMS 0x000000067b400000| PB 0x000000067b000000| Untracked |  0
| 476|0x000000067b400000, 0x000000067b800000, 0x000000067b800000|100%| O|  |TAMS 0x000000067b800000| PB 0x000000067b400000| Untracked |  0
| 477|0x000000067b800000, 0x000000067bc00000, 0x000000067bc00000|100%| O|  |TAMS 0x000000067bc00000| PB 0x000000067b800000| Untracked |  0
| 478|0x000000067bc00000, 0x000000067c000000, 0x000000067c000000|100%| O|  |TAMS 0x000000067c000000| PB 0x000000067bc00000| Untracked |  0
| 479|0x000000067c000000, 0x000000067c400000, 0x000000067c400000|100%| O|  |TAMS 0x000000067c400000| PB 0x000000067c000000| Untracked |  0
| 480|0x000000067c400000, 0x000000067c800000, 0x000000067c800000|100%| O|  |TAMS 0x000000067c800000| PB 0x000000067c400000| Untracked |  0
| 481|0x000000067c800000, 0x000000067cc00000, 0x000000067cc00000|100%| O|  |TAMS 0x000000067cc00000| PB 0x000000067c800000| Untracked |  0
| 482|0x000000067cc00000, 0x000000067d000000, 0x000000067d000000|100%| O|  |TAMS 0x000000067d000000| PB 0x000000067cc00000| Untracked |  0
| 483|0x000000067d000000, 0x000000067d400000, 0x000000067d400000|100%| O|  |TAMS 0x000000067d400000| PB 0x000000067d000000| Untracked |  0
| 484|0x000000067d400000, 0x000000067d800000, 0x000000067d800000|100%| O|  |TAMS 0x000000067d800000| PB 0x000000067d400000| Untracked |  0
| 485|0x000000067d800000, 0x000000067dc00000, 0x000000067dc00000|100%| O|  |TAMS 0x000000067dc00000| PB 0x000000067d800000| Untracked |  0
| 486|0x000000067dc00000, 0x000000067e000000, 0x000000067e000000|100%| O|  |TAMS 0x000000067e000000| PB 0x000000067dc00000| Untracked |  0
| 487|0x000000067e000000, 0x000000067e400000, 0x000000067e400000|100%| O|  |TAMS 0x000000067e400000| PB 0x000000067e000000| Untracked |  0
| 488|0x000000067e400000, 0x000000067e800000, 0x000000067e800000|100%| O|  |TAMS 0x000000067e800000| PB 0x000000067e400000| Untracked |  0
| 489|0x000000067e800000, 0x000000067ec00000, 0x000000067ec00000|100%| O|  |TAMS 0x000000067ec00000| PB 0x000000067e800000| Untracked |  0
| 490|0x000000067ec00000, 0x000000067f000000, 0x000000067f000000|100%| O|  |TAMS 0x000000067f000000| PB 0x000000067ec00000| Untracked |  0
| 491|0x000000067f000000, 0x000000067f400000, 0x000000067f400000|100%| O|  |TAMS 0x000000067f400000| PB 0x000000067f000000| Untracked |  0
| 492|0x000000067f400000, 0x000000067f800000, 0x000000067f800000|100%| O|  |TAMS 0x000000067f800000| PB 0x000000067f400000| Untracked |  0
| 493|0x000000067f800000, 0x000000067fc00000, 0x000000067fc00000|100%| O|  |TAMS 0x000000067fc00000| PB 0x000000067f800000| Untracked |  0
| 494|0x000000067fc00000, 0x0000000680000000, 0x0000000680000000|100%| O|  |TAMS 0x0000000680000000| PB 0x000000067fc00000| Untracked |  0
| 495|0x0000000680000000, 0x0000000680400000, 0x0000000680400000|100%| O|  |TAMS 0x0000000680400000| PB 0x0000000680000000| Untracked |  0
| 496|0x0000000680400000, 0x0000000680800000, 0x0000000680800000|100%| O|  |TAMS 0x0000000680800000| PB 0x0000000680400000| Untracked |  0
| 497|0x0000000680800000, 0x0000000680c00000, 0x0000000680c00000|100%| O|  |TAMS 0x0000000680c00000| PB 0x0000000680800000| Untracked |  0
| 498|0x0000000680c00000, 0x0000000681000000, 0x0000000681000000|100%| O|  |TAMS 0x0000000681000000| PB 0x0000000680c00000| Untracked |  0
| 499|0x0000000681000000, 0x0000000681400000, 0x0000000681400000|100%| O|  |TAMS 0x0000000681400000| PB 0x0000000681000000| Untracked |  0
| 500|0x0000000681400000, 0x0000000681800000, 0x0000000681800000|100%| O|  |TAMS 0x0000000681800000| PB 0x0000000681400000| Untracked |  0
| 501|0x0000000681800000, 0x0000000681c00000, 0x0000000681c00000|100%| O|  |TAMS 0x0000000681c00000| PB 0x0000000681800000| Untracked |  0
| 502|0x0000000681c00000, 0x0000000682000000, 0x0000000682000000|100%| O|  |TAMS 0x0000000682000000| PB 0x0000000681c00000| Untracked |  0
| 503|0x0000000682000000, 0x0000000682400000, 0x0000000682400000|100%| O|  |TAMS 0x0000000682400000| PB 0x0000000682000000| Untracked |  0
| 504|0x0000000682400000, 0x0000000682800000, 0x0000000682800000|100%| O|  |TAMS 0x0000000682800000| PB 0x0000000682400000| Untracked |  0
| 505|0x0000000682800000, 0x0000000682c00000, 0x0000000682c00000|100%| O|  |TAMS 0x0000000682c00000| PB 0x0000000682800000| Untracked |  0
| 506|0x0000000682c00000, 0x0000000683000000, 0x0000000683000000|100%| O|  |TAMS 0x0000000683000000| PB 0x0000000682c00000| Untracked |  0
| 507|0x0000000683000000, 0x0000000683400000, 0x0000000683400000|100%| O|  |TAMS 0x0000000683400000| PB 0x0000000683000000| Untracked |  0
| 508|0x0000000683400000, 0x0000000683800000, 0x0000000683800000|100%| O|  |TAMS 0x0000000683800000| PB 0x0000000683400000| Untracked |  0
| 509|0x0000000683800000, 0x0000000683c00000, 0x0000000683c00000|100%| O|  |TAMS 0x0000000683c00000| PB 0x0000000683800000| Untracked |  0
| 510|0x0000000683c00000, 0x0000000684000000, 0x0000000684000000|100%| O|  |TAMS 0x0000000684000000| PB 0x0000000683c00000| Untracked |  0
| 511|0x0000000684000000, 0x0000000684400000, 0x0000000684400000|100%| O|  |TAMS 0x0000000684400000| PB 0x0000000684000000| Untracked |  0
| 512|0x0000000684400000, 0x0000000684800000, 0x0000000684800000|100%| O|  |TAMS 0x0000000684800000| PB 0x0000000684400000| Untracked |  0
| 513|0x0000000684800000, 0x0000000684c00000, 0x0000000684c00000|100%| O|  |TAMS 0x0000000684c00000| PB 0x0000000684800000| Untracked |  0
| 514|0x0000000684c00000, 0x0000000685000000, 0x0000000685000000|100%| O|  |TAMS 0x0000000685000000| PB 0x0000000684c00000| Untracked |  0
| 515|0x0000000685000000, 0x0000000685400000, 0x0000000685400000|100%| O|  |TAMS 0x0000000685400000| PB 0x0000000685000000| Untracked |  0
| 516|0x0000000685400000, 0x0000000685800000, 0x0000000685800000|100%| O|  |TAMS 0x0000000685800000| PB 0x0000000685400000| Untracked |  0
| 517|0x0000000685800000, 0x0000000685c00000, 0x0000000685c00000|100%| O|  |TAMS 0x0000000685c00000| PB 0x0000000685800000| Untracked |  0
| 518|0x0000000685c00000, 0x0000000686000000, 0x0000000686000000|100%| O|  |TAMS 0x0000000686000000| PB 0x0000000685c00000| Untracked |  0
| 519|0x0000000686000000, 0x0000000686400000, 0x0000000686400000|100%| O|  |TAMS 0x0000000686400000| PB 0x0000000686000000| Untracked |  0
| 520|0x0000000686400000, 0x0000000686800000, 0x0000000686800000|100%| O|  |TAMS 0x0000000686800000| PB 0x0000000686400000| Untracked |  0
| 521|0x0000000686800000, 0x0000000686c00000, 0x0000000686c00000|100%| O|  |TAMS 0x0000000686c00000| PB 0x0000000686800000| Untracked |  0
| 522|0x0000000686c00000, 0x0000000687000000, 0x0000000687000000|100%| O|  |TAMS 0x0000000687000000| PB 0x0000000686c00000| Untracked |  0
| 523|0x0000000687000000, 0x0000000687400000, 0x0000000687400000|100%| O|  |TAMS 0x0000000687400000| PB 0x0000000687000000| Untracked |  0
| 524|0x0000000687400000, 0x0000000687800000, 0x0000000687800000|100%| O|  |TAMS 0x0000000687800000| PB 0x0000000687400000| Untracked |  0
| 525|0x0000000687800000, 0x0000000687c00000, 0x0000000687c00000|100%| O|  |TAMS 0x0000000687c00000| PB 0x0000000687800000| Untracked |  0
| 526|0x0000000687c00000, 0x0000000688000000, 0x0000000688000000|100%| O|  |TAMS 0x0000000688000000| PB 0x0000000687c00000| Untracked |  0
| 527|0x0000000688000000, 0x0000000688400000, 0x0000000688400000|100%| O|  |TAMS 0x0000000688400000| PB 0x0000000688000000| Untracked |  0
| 528|0x0000000688400000, 0x0000000688800000, 0x0000000688800000|100%| O|  |TAMS 0x0000000688800000| PB 0x0000000688400000| Untracked |  0
| 529|0x0000000688800000, 0x0000000688c00000, 0x0000000688c00000|100%| O|  |TAMS 0x0000000688c00000| PB 0x0000000688800000| Untracked |  0
| 530|0x0000000688c00000, 0x0000000689000000, 0x0000000689000000|100%| O|  |TAMS 0x0000000689000000| PB 0x0000000688c00000| Untracked |  0
| 531|0x0000000689000000, 0x0000000689400000, 0x0000000689400000|100%| O|  |TAMS 0x0000000689400000| PB 0x0000000689000000| Untracked |  0
| 532|0x0000000689400000, 0x0000000689800000, 0x0000000689800000|100%| O|  |TAMS 0x0000000689800000| PB 0x0000000689400000| Untracked |  0
| 533|0x0000000689800000, 0x0000000689c00000, 0x0000000689c00000|100%| O|  |TAMS 0x0000000689c00000| PB 0x0000000689800000| Untracked |  0
| 534|0x0000000689c00000, 0x000000068a000000, 0x000000068a000000|100%| O|  |TAMS 0x000000068a000000| PB 0x0000000689c00000| Untracked |  0
| 535|0x000000068a000000, 0x000000068a400000, 0x000000068a400000|100%| O|  |TAMS 0x000000068a400000| PB 0x000000068a000000| Untracked |  0
| 536|0x000000068a400000, 0x000000068a800000, 0x000000068a800000|100%| O|  |TAMS 0x000000068a800000| PB 0x000000068a400000| Untracked |  0
| 537|0x000000068a800000, 0x000000068ac00000, 0x000000068ac00000|100%| O|  |TAMS 0x000000068ac00000| PB 0x000000068a800000| Untracked |  0
| 538|0x000000068ac00000, 0x000000068b000000, 0x000000068b000000|100%| O|  |TAMS 0x000000068b000000| PB 0x000000068ac00000| Untracked |  0
| 539|0x000000068b000000, 0x000000068b400000, 0x000000068b400000|100%| O|  |TAMS 0x000000068b400000| PB 0x000000068b000000| Untracked |  0
| 540|0x000000068b400000, 0x000000068b800000, 0x000000068b800000|100%| O|  |TAMS 0x000000068b800000| PB 0x000000068b400000| Untracked |  0
| 541|0x000000068b800000, 0x000000068bc00000, 0x000000068bc00000|100%| O|  |TAMS 0x000000068bc00000| PB 0x000000068b800000| Untracked |  0
| 542|0x000000068bc00000, 0x000000068c000000, 0x000000068c000000|100%| O|  |TAMS 0x000000068c000000| PB 0x000000068bc00000| Untracked |  0
| 543|0x000000068c000000, 0x000000068c400000, 0x000000068c400000|100%| O|  |TAMS 0x000000068c400000| PB 0x000000068c000000| Untracked |  0
| 544|0x000000068c400000, 0x000000068c800000, 0x000000068c800000|100%| O|  |TAMS 0x000000068c800000| PB 0x000000068c400000| Untracked |  0
| 545|0x000000068c800000, 0x000000068cc00000, 0x000000068cc00000|100%| O|  |TAMS 0x000000068cc00000| PB 0x000000068c800000| Untracked |  0
| 546|0x000000068cc00000, 0x000000068d000000, 0x000000068d000000|100%| O|  |TAMS 0x000000068d000000| PB 0x000000068cc00000| Untracked |  0
| 547|0x000000068d000000, 0x000000068d400000, 0x000000068d400000|100%| O|  |TAMS 0x000000068d400000| PB 0x000000068d000000| Untracked |  0
| 548|0x000000068d400000, 0x000000068d800000, 0x000000068d800000|100%| O|  |TAMS 0x000000068d800000| PB 0x000000068d400000| Untracked |  0
| 549|0x000000068d800000, 0x000000068dc00000, 0x000000068dc00000|100%| O|  |TAMS 0x000000068dc00000| PB 0x000000068d800000| Untracked |  0
| 550|0x000000068dc00000, 0x000000068e000000, 0x000000068e000000|100%| O|  |TAMS 0x000000068e000000| PB 0x000000068dc00000| Untracked |  0
| 551|0x000000068e000000, 0x000000068e400000, 0x000000068e400000|100%| O|  |TAMS 0x000000068e400000| PB 0x000000068e000000| Untracked |  0
| 552|0x000000068e400000, 0x000000068e800000, 0x000000068e800000|100%| O|  |TAMS 0x000000068e800000| PB 0x000000068e400000| Untracked |  0
| 553|0x000000068e800000, 0x000000068ec00000, 0x000000068ec00000|100%| O|  |TAMS 0x000000068ec00000| PB 0x000000068e800000| Untracked |  0
| 554|0x000000068ec00000, 0x000000068f000000, 0x000000068f000000|100%| O|  |TAMS 0x000000068f000000| PB 0x000000068ec00000| Untracked |  0
| 555|0x000000068f000000, 0x000000068f400000, 0x000000068f400000|100%| O|  |TAMS 0x000000068f400000| PB 0x000000068f000000| Untracked |  0
| 556|0x000000068f400000, 0x000000068f800000, 0x000000068f800000|100%| O|  |TAMS 0x000000068f800000| PB 0x000000068f400000| Untracked |  0
| 557|0x000000068f800000, 0x000000068fc00000, 0x000000068fc00000|100%| O|  |TAMS 0x000000068fc00000| PB 0x000000068f800000| Untracked |  0
| 558|0x000000068fc00000, 0x0000000690000000, 0x0000000690000000|100%| O|  |TAMS 0x0000000690000000| PB 0x000000068fc00000| Untracked |  0
| 559|0x0000000690000000, 0x0000000690400000, 0x0000000690400000|100%| O|  |TAMS 0x0000000690400000| PB 0x0000000690000000| Untracked |  0
| 560|0x0000000690400000, 0x0000000690800000, 0x0000000690800000|100%| O|  |TAMS 0x0000000690800000| PB 0x0000000690400000| Untracked |  0
| 561|0x0000000690800000, 0x0000000690c00000, 0x0000000690c00000|100%| O|  |TAMS 0x0000000690c00000| PB 0x0000000690800000| Untracked |  0
| 562|0x0000000690c00000, 0x0000000691000000, 0x0000000691000000|100%| O|  |TAMS 0x0000000691000000| PB 0x0000000690c00000| Untracked |  0
| 563|0x0000000691000000, 0x0000000691400000, 0x0000000691400000|100%| O|  |TAMS 0x0000000691400000| PB 0x0000000691000000| Untracked |  0
| 564|0x0000000691400000, 0x0000000691800000, 0x0000000691800000|100%| O|  |TAMS 0x0000000691800000| PB 0x0000000691400000| Untracked |  0
| 565|0x0000000691800000, 0x0000000691c00000, 0x0000000691c00000|100%| O|  |TAMS 0x0000000691c00000| PB 0x0000000691800000| Untracked |  0
| 566|0x0000000691c00000, 0x0000000692000000, 0x0000000692000000|100%| O|  |TAMS 0x0000000692000000| PB 0x0000000691c00000| Untracked |  0
| 567|0x0000000692000000, 0x0000000692400000, 0x0000000692400000|100%| O|  |TAMS 0x0000000692400000| PB 0x0000000692000000| Untracked |  0
| 568|0x0000000692400000, 0x0000000692800000, 0x0000000692800000|100%| O|  |TAMS 0x0000000692800000| PB 0x0000000692400000| Untracked |  0
| 569|0x0000000692800000, 0x0000000692c00000, 0x0000000692c00000|100%| O|  |TAMS 0x0000000692c00000| PB 0x0000000692800000| Untracked |  0
| 570|0x0000000692c00000, 0x0000000693000000, 0x0000000693000000|100%| O|  |TAMS 0x0000000693000000| PB 0x0000000692c00000| Untracked |  0
| 571|0x0000000693000000, 0x0000000693400000, 0x0000000693400000|100%| O|  |TAMS 0x0000000693400000| PB 0x0000000693000000| Untracked |  0
| 572|0x0000000693400000, 0x0000000693800000, 0x0000000693800000|100%| O|  |TAMS 0x0000000693800000| PB 0x0000000693400000| Untracked |  0
| 573|0x0000000693800000, 0x0000000693c00000, 0x0000000693c00000|100%| O|  |TAMS 0x0000000693c00000| PB 0x0000000693800000| Untracked |  0
| 574|0x0000000693c00000, 0x0000000694000000, 0x0000000694000000|100%| O|  |TAMS 0x0000000694000000| PB 0x0000000693c00000| Untracked |  0
| 575|0x0000000694000000, 0x0000000694400000, 0x0000000694400000|100%| O|  |TAMS 0x0000000694400000| PB 0x0000000694000000| Untracked |  0
| 576|0x0000000694400000, 0x0000000694800000, 0x0000000694800000|100%| O|  |TAMS 0x0000000694800000| PB 0x0000000694400000| Untracked |  0
| 577|0x0000000694800000, 0x0000000694c00000, 0x0000000694c00000|100%| O|  |TAMS 0x0000000694c00000| PB 0x0000000694800000| Untracked |  0
| 578|0x0000000694c00000, 0x0000000695000000, 0x0000000695000000|100%| O|  |TAMS 0x0000000695000000| PB 0x0000000694c00000| Untracked |  0
| 579|0x0000000695000000, 0x0000000695400000, 0x0000000695400000|100%| O|  |TAMS 0x0000000695400000| PB 0x0000000695000000| Untracked |  0
| 580|0x0000000695400000, 0x0000000695800000, 0x0000000695800000|100%| O|  |TAMS 0x0000000695800000| PB 0x0000000695400000| Untracked |  0
| 581|0x0000000695800000, 0x0000000695c00000, 0x0000000695c00000|100%| O|  |TAMS 0x0000000695c00000| PB 0x0000000695800000| Untracked |  0
| 582|0x0000000695c00000, 0x0000000696000000, 0x0000000696000000|100%| O|  |TAMS 0x0000000696000000| PB 0x0000000695c00000| Untracked |  0
| 583|0x0000000696000000, 0x0000000696400000, 0x0000000696400000|100%| O|  |TAMS 0x0000000696400000| PB 0x0000000696000000| Untracked |  0
| 584|0x0000000696400000, 0x0000000696800000, 0x0000000696800000|100%| O|  |TAMS 0x0000000696800000| PB 0x0000000696400000| Untracked |  0
| 585|0x0000000696800000, 0x0000000696c00000, 0x0000000696c00000|100%| O|  |TAMS 0x0000000696c00000| PB 0x0000000696800000| Untracked |  0
| 586|0x0000000696c00000, 0x0000000697000000, 0x0000000697000000|100%| O|  |TAMS 0x0000000697000000| PB 0x0000000696c00000| Untracked |  0
| 587|0x0000000697000000, 0x0000000697400000, 0x0000000697400000|100%| O|  |TAMS 0x0000000697400000| PB 0x0000000697000000| Untracked |  0
| 588|0x0000000697400000, 0x0000000697800000, 0x0000000697800000|100%| O|  |TAMS 0x0000000697800000| PB 0x0000000697400000| Untracked |  0
| 589|0x0000000697800000, 0x0000000697c00000, 0x0000000697c00000|100%| O|  |TAMS 0x0000000697c00000| PB 0x0000000697800000| Untracked |  0
| 590|0x0000000697c00000, 0x0000000698000000, 0x0000000698000000|100%| O|  |TAMS 0x0000000698000000| PB 0x0000000697c00000| Untracked |  0
| 591|0x0000000698000000, 0x0000000698400000, 0x0000000698400000|100%| O|  |TAMS 0x0000000698400000| PB 0x0000000698000000| Untracked |  0
| 592|0x0000000698400000, 0x0000000698800000, 0x0000000698800000|100%| O|  |TAMS 0x0000000698800000| PB 0x0000000698400000| Untracked |  0
| 593|0x0000000698800000, 0x0000000698c00000, 0x0000000698c00000|100%| O|  |TAMS 0x0000000698c00000| PB 0x0000000698800000| Untracked |  0
| 594|0x0000000698c00000, 0x0000000699000000, 0x0000000699000000|100%| O|  |TAMS 0x0000000699000000| PB 0x0000000698c00000| Untracked |  0
| 595|0x0000000699000000, 0x0000000699400000, 0x0000000699400000|100%| O|  |TAMS 0x0000000699400000| PB 0x0000000699000000| Untracked |  0
| 596|0x0000000699400000, 0x0000000699800000, 0x0000000699800000|100%| O|  |TAMS 0x0000000699800000| PB 0x0000000699400000| Untracked |  0
| 597|0x0000000699800000, 0x0000000699c00000, 0x0000000699c00000|100%| O|  |TAMS 0x0000000699c00000| PB 0x0000000699800000| Untracked |  0
| 598|0x0000000699c00000, 0x000000069a000000, 0x000000069a000000|100%| O|  |TAMS 0x000000069a000000| PB 0x0000000699c00000| Untracked |  0
| 599|0x000000069a000000, 0x000000069a400000, 0x000000069a400000|100%| O|  |TAMS 0x000000069a400000| PB 0x000000069a000000| Untracked |  0
| 600|0x000000069a400000, 0x000000069a800000, 0x000000069a800000|100%| O|  |TAMS 0x000000069a800000| PB 0x000000069a400000| Untracked |  0
| 601|0x000000069a800000, 0x000000069ac00000, 0x000000069ac00000|100%| O|  |TAMS 0x000000069ac00000| PB 0x000000069a800000| Untracked |  0
| 602|0x000000069ac00000, 0x000000069b000000, 0x000000069b000000|100%| O|  |TAMS 0x000000069b000000| PB 0x000000069ac00000| Untracked |  0
| 603|0x000000069b000000, 0x000000069b400000, 0x000000069b400000|100%| O|  |TAMS 0x000000069b400000| PB 0x000000069b000000| Untracked |  0
| 604|0x000000069b400000, 0x000000069b800000, 0x000000069b800000|100%| O|  |TAMS 0x000000069b800000| PB 0x000000069b400000| Untracked |  0
| 605|0x000000069b800000, 0x000000069bc00000, 0x000000069bc00000|100%| O|  |TAMS 0x000000069bc00000| PB 0x000000069b800000| Untracked |  0
| 606|0x000000069bc00000, 0x000000069c000000, 0x000000069c000000|100%| O|  |TAMS 0x000000069c000000| PB 0x000000069bc00000| Untracked |  0
| 607|0x000000069c000000, 0x000000069c400000, 0x000000069c400000|100%| O|  |TAMS 0x000000069c400000| PB 0x000000069c000000| Untracked |  0
| 608|0x000000069c400000, 0x000000069c800000, 0x000000069c800000|100%| O|  |TAMS 0x000000069c800000| PB 0x000000069c400000| Untracked |  0
| 609|0x000000069c800000, 0x000000069cc00000, 0x000000069cc00000|100%| O|  |TAMS 0x000000069cc00000| PB 0x000000069c800000| Untracked |  0
| 610|0x000000069cc00000, 0x000000069d000000, 0x000000069d000000|100%| O|  |TAMS 0x000000069d000000| PB 0x000000069cc00000| Untracked |  0
| 611|0x000000069d000000, 0x000000069d400000, 0x000000069d400000|100%| O|  |TAMS 0x000000069d400000| PB 0x000000069d000000| Untracked |  0
| 612|0x000000069d400000, 0x000000069d800000, 0x000000069d800000|100%| O|  |TAMS 0x000000069d800000| PB 0x000000069d400000| Untracked |  0
| 613|0x000000069d800000, 0x000000069dc00000, 0x000000069dc00000|100%| O|  |TAMS 0x000000069dc00000| PB 0x000000069d800000| Untracked |  0
| 614|0x000000069dc00000, 0x000000069e000000, 0x000000069e000000|100%| O|  |TAMS 0x000000069e000000| PB 0x000000069dc00000| Untracked |  0
| 615|0x000000069e000000, 0x000000069e400000, 0x000000069e400000|100%| O|  |TAMS 0x000000069e400000| PB 0x000000069e000000| Untracked |  0
| 616|0x000000069e400000, 0x000000069e800000, 0x000000069e800000|100%| O|  |TAMS 0x000000069e800000| PB 0x000000069e400000| Untracked |  0
| 617|0x000000069e800000, 0x000000069ec00000, 0x000000069ec00000|100%| O|  |TAMS 0x000000069ec00000| PB 0x000000069e800000| Untracked |  0
| 618|0x000000069ec00000, 0x000000069f000000, 0x000000069f000000|100%| O|  |TAMS 0x000000069f000000| PB 0x000000069ec00000| Untracked |  0
| 619|0x000000069f000000, 0x000000069f400000, 0x000000069f400000|100%| O|  |TAMS 0x000000069f400000| PB 0x000000069f000000| Untracked |  0
| 620|0x000000069f400000, 0x000000069f800000, 0x000000069f800000|100%| O|  |TAMS 0x000000069f800000| PB 0x000000069f400000| Untracked |  0
| 621|0x000000069f800000, 0x000000069fc00000, 0x000000069fc00000|100%| O|  |TAMS 0x000000069fc00000| PB 0x000000069f800000| Untracked |  0
| 622|0x000000069fc00000, 0x00000006a0000000, 0x00000006a0000000|100%| O|  |TAMS 0x00000006a0000000| PB 0x000000069fc00000| Untracked |  0
| 623|0x00000006a0000000, 0x00000006a0400000, 0x00000006a0400000|100%| O|  |TAMS 0x00000006a0400000| PB 0x00000006a0000000| Untracked |  0
| 624|0x00000006a0400000, 0x00000006a0800000, 0x00000006a0800000|100%| O|  |TAMS 0x00000006a0800000| PB 0x00000006a0400000| Untracked |  0
| 625|0x00000006a0800000, 0x00000006a0c00000, 0x00000006a0c00000|100%| O|  |TAMS 0x00000006a0c00000| PB 0x00000006a0800000| Untracked |  0
| 626|0x00000006a0c00000, 0x00000006a1000000, 0x00000006a1000000|100%| O|  |TAMS 0x00000006a1000000| PB 0x00000006a0c00000| Untracked |  0
| 627|0x00000006a1000000, 0x00000006a1400000, 0x00000006a1400000|100%| O|  |TAMS 0x00000006a1400000| PB 0x00000006a1000000| Untracked |  0
| 628|0x00000006a1400000, 0x00000006a1800000, 0x00000006a1800000|100%| O|  |TAMS 0x00000006a1800000| PB 0x00000006a1400000| Untracked |  0
| 629|0x00000006a1800000, 0x00000006a1c00000, 0x00000006a1c00000|100%| O|  |TAMS 0x00000006a1c00000| PB 0x00000006a1800000| Untracked |  0
| 630|0x00000006a1c00000, 0x00000006a2000000, 0x00000006a2000000|100%| O|  |TAMS 0x00000006a2000000| PB 0x00000006a1c00000| Untracked |  0
| 631|0x00000006a2000000, 0x00000006a2400000, 0x00000006a2400000|100%| O|  |TAMS 0x00000006a2400000| PB 0x00000006a2000000| Untracked |  0
| 632|0x00000006a2400000, 0x00000006a2800000, 0x00000006a2800000|100%| O|  |TAMS 0x00000006a2800000| PB 0x00000006a2400000| Untracked |  0
| 633|0x00000006a2800000, 0x00000006a2c00000, 0x00000006a2c00000|100%| O|  |TAMS 0x00000006a2c00000| PB 0x00000006a2800000| Untracked |  0
| 634|0x00000006a2c00000, 0x00000006a3000000, 0x00000006a3000000|100%| O|  |TAMS 0x00000006a3000000| PB 0x00000006a2c00000| Untracked |  0
| 635|0x00000006a3000000, 0x00000006a3400000, 0x00000006a3400000|100%| O|  |TAMS 0x00000006a3400000| PB 0x00000006a3000000| Untracked |  0
| 636|0x00000006a3400000, 0x00000006a3800000, 0x00000006a3800000|100%| O|  |TAMS 0x00000006a3800000| PB 0x00000006a3400000| Untracked |  0
| 637|0x00000006a3800000, 0x00000006a3c00000, 0x00000006a3c00000|100%| O|  |TAMS 0x00000006a3c00000| PB 0x00000006a3800000| Untracked |  0
| 638|0x00000006a3c00000, 0x00000006a4000000, 0x00000006a4000000|100%| O|  |TAMS 0x00000006a4000000| PB 0x00000006a3c00000| Untracked |  0
| 639|0x00000006a4000000, 0x00000006a4400000, 0x00000006a4400000|100%| O|  |TAMS 0x00000006a4400000| PB 0x00000006a4000000| Untracked |  0
| 640|0x00000006a4400000, 0x00000006a4800000, 0x00000006a4800000|100%| O|  |TAMS 0x00000006a4800000| PB 0x00000006a4400000| Untracked |  0
| 641|0x00000006a4800000, 0x00000006a4c00000, 0x00000006a4c00000|100%| O|  |TAMS 0x00000006a4c00000| PB 0x00000006a4800000| Untracked |  0
| 642|0x00000006a4c00000, 0x00000006a5000000, 0x00000006a5000000|100%| O|  |TAMS 0x00000006a5000000| PB 0x00000006a4c00000| Untracked |  0
| 643|0x00000006a5000000, 0x00000006a5400000, 0x00000006a5400000|100%| O|  |TAMS 0x00000006a5400000| PB 0x00000006a5000000| Untracked |  0
| 644|0x00000006a5400000, 0x00000006a5800000, 0x00000006a5800000|100%| O|  |TAMS 0x00000006a5800000| PB 0x00000006a5400000| Untracked |  0
| 645|0x00000006a5800000, 0x00000006a5c00000, 0x00000006a5c00000|100%| O|  |TAMS 0x00000006a5c00000| PB 0x00000006a5800000| Untracked |  0
| 646|0x00000006a5c00000, 0x00000006a6000000, 0x00000006a6000000|100%| O|  |TAMS 0x00000006a6000000| PB 0x00000006a5c00000| Untracked |  0
| 647|0x00000006a6000000, 0x00000006a6400000, 0x00000006a6400000|100%| O|  |TAMS 0x00000006a6400000| PB 0x00000006a6000000| Untracked |  0
| 648|0x00000006a6400000, 0x00000006a6800000, 0x00000006a6800000|100%| O|  |TAMS 0x00000006a6800000| PB 0x00000006a6400000| Untracked |  0
| 649|0x00000006a6800000, 0x00000006a6c00000, 0x00000006a6c00000|100%| O|  |TAMS 0x00000006a6c00000| PB 0x00000006a6800000| Untracked |  0
| 650|0x00000006a6c00000, 0x00000006a7000000, 0x00000006a7000000|100%| O|  |TAMS 0x00000006a7000000| PB 0x00000006a6c00000| Untracked |  0
| 651|0x00000006a7000000, 0x00000006a7400000, 0x00000006a7400000|100%| O|  |TAMS 0x00000006a7400000| PB 0x00000006a7000000| Untracked |  0
| 652|0x00000006a7400000, 0x00000006a7800000, 0x00000006a7800000|100%| O|  |TAMS 0x00000006a7800000| PB 0x00000006a7400000| Untracked |  0
| 653|0x00000006a7800000, 0x00000006a7c00000, 0x00000006a7c00000|100%| O|  |TAMS 0x00000006a7c00000| PB 0x00000006a7800000| Untracked |  0
| 654|0x00000006a7c00000, 0x00000006a8000000, 0x00000006a8000000|100%| O|  |TAMS 0x00000006a8000000| PB 0x00000006a7c00000| Untracked |  0
| 655|0x00000006a8000000, 0x00000006a8400000, 0x00000006a8400000|100%| O|  |TAMS 0x00000006a8400000| PB 0x00000006a8000000| Untracked |  0
| 656|0x00000006a8400000, 0x00000006a8800000, 0x00000006a8800000|100%| O|  |TAMS 0x00000006a8800000| PB 0x00000006a8400000| Untracked |  0
| 657|0x00000006a8800000, 0x00000006a8c00000, 0x00000006a8c00000|100%| O|  |TAMS 0x00000006a8c00000| PB 0x00000006a8800000| Untracked |  0
| 658|0x00000006a8c00000, 0x00000006a9000000, 0x00000006a9000000|100%| O|  |TAMS 0x00000006a9000000| PB 0x00000006a8c00000| Untracked |  0
| 659|0x00000006a9000000, 0x00000006a9400000, 0x00000006a9400000|100%| O|  |TAMS 0x00000006a9400000| PB 0x00000006a9000000| Untracked |  0
| 660|0x00000006a9400000, 0x00000006a9800000, 0x00000006a9800000|100%| O|  |TAMS 0x00000006a9800000| PB 0x00000006a9400000| Untracked |  0
| 661|0x00000006a9800000, 0x00000006a9c00000, 0x00000006a9c00000|100%| O|  |TAMS 0x00000006a9c00000| PB 0x00000006a9800000| Untracked |  0
| 662|0x00000006a9c00000, 0x00000006aa000000, 0x00000006aa000000|100%| O|  |TAMS 0x00000006aa000000| PB 0x00000006a9c00000| Untracked |  0
| 663|0x00000006aa000000, 0x00000006aa400000, 0x00000006aa400000|100%| O|  |TAMS 0x00000006aa400000| PB 0x00000006aa000000| Untracked |  0
| 664|0x00000006aa400000, 0x00000006aa800000, 0x00000006aa800000|100%| O|  |TAMS 0x00000006aa800000| PB 0x00000006aa400000| Untracked |  0
| 665|0x00000006aa800000, 0x00000006aac00000, 0x00000006aac00000|100%| O|  |TAMS 0x00000006aac00000| PB 0x00000006aa800000| Untracked |  0
| 666|0x00000006aac00000, 0x00000006ab000000, 0x00000006ab000000|100%| O|  |TAMS 0x00000006ab000000| PB 0x00000006aac00000| Untracked |  0
| 667|0x00000006ab000000, 0x00000006ab400000, 0x00000006ab400000|100%| O|  |TAMS 0x00000006ab400000| PB 0x00000006ab000000| Untracked |  0
| 668|0x00000006ab400000, 0x00000006ab800000, 0x00000006ab800000|100%| O|  |TAMS 0x00000006ab800000| PB 0x00000006ab400000| Untracked |  0
| 669|0x00000006ab800000, 0x00000006abc00000, 0x00000006abc00000|100%| O|  |TAMS 0x00000006abc00000| PB 0x00000006ab800000| Untracked |  0
| 670|0x00000006abc00000, 0x00000006ac000000, 0x00000006ac000000|100%| O|  |TAMS 0x00000006ac000000| PB 0x00000006abc00000| Untracked |  0
| 671|0x00000006ac000000, 0x00000006ac400000, 0x00000006ac400000|100%| O|  |TAMS 0x00000006ac400000| PB 0x00000006ac000000| Untracked |  0
| 672|0x00000006ac400000, 0x00000006ac800000, 0x00000006ac800000|100%| O|  |TAMS 0x00000006ac800000| PB 0x00000006ac400000| Untracked |  0
| 673|0x00000006ac800000, 0x00000006acc00000, 0x00000006acc00000|100%| O|  |TAMS 0x00000006acc00000| PB 0x00000006ac800000| Untracked |  0
| 674|0x00000006acc00000, 0x00000006ad000000, 0x00000006ad000000|100%| O|  |TAMS 0x00000006ad000000| PB 0x00000006acc00000| Untracked |  0
| 675|0x00000006ad000000, 0x00000006ad400000, 0x00000006ad400000|100%| O|  |TAMS 0x00000006ad400000| PB 0x00000006ad000000| Untracked |  0
| 676|0x00000006ad400000, 0x00000006ad800000, 0x00000006ad800000|100%| O|  |TAMS 0x00000006ad800000| PB 0x00000006ad400000| Untracked |  0
| 677|0x00000006ad800000, 0x00000006adc00000, 0x00000006adc00000|100%| O|  |TAMS 0x00000006adc00000| PB 0x00000006ad800000| Untracked |  0
| 678|0x00000006adc00000, 0x00000006ae000000, 0x00000006ae000000|100%| O|  |TAMS 0x00000006ae000000| PB 0x00000006adc00000| Untracked |  0
| 679|0x00000006ae000000, 0x00000006ae400000, 0x00000006ae400000|100%| O|  |TAMS 0x00000006ae400000| PB 0x00000006ae000000| Untracked |  0
| 680|0x00000006ae400000, 0x00000006ae800000, 0x00000006ae800000|100%| O|  |TAMS 0x00000006ae800000| PB 0x00000006ae400000| Untracked |  0
| 681|0x00000006ae800000, 0x00000006aec00000, 0x00000006aec00000|100%| O|  |TAMS 0x00000006aec00000| PB 0x00000006ae800000| Untracked |  0
| 682|0x00000006aec00000, 0x00000006af000000, 0x00000006af000000|100%| O|  |TAMS 0x00000006af000000| PB 0x00000006aec00000| Untracked |  0
| 683|0x00000006af000000, 0x00000006af400000, 0x00000006af400000|100%| O|  |TAMS 0x00000006af400000| PB 0x00000006af000000| Untracked |  0
| 684|0x00000006af400000, 0x00000006af800000, 0x00000006af800000|100%| O|  |TAMS 0x00000006af800000| PB 0x00000006af400000| Untracked |  0
| 685|0x00000006af800000, 0x00000006afc00000, 0x00000006afc00000|100%| O|  |TAMS 0x00000006afc00000| PB 0x00000006af800000| Untracked |  0
| 686|0x00000006afc00000, 0x00000006b0000000, 0x00000006b0000000|100%| O|  |TAMS 0x00000006b0000000| PB 0x00000006afc00000| Untracked |  0
| 687|0x00000006b0000000, 0x00000006b0400000, 0x00000006b0400000|100%| O|  |TAMS 0x00000006b0400000| PB 0x00000006b0000000| Untracked |  0
| 688|0x00000006b0400000, 0x00000006b0800000, 0x00000006b0800000|100%| O|  |TAMS 0x00000006b0800000| PB 0x00000006b0400000| Untracked |  0
| 689|0x00000006b0800000, 0x00000006b0c00000, 0x00000006b0c00000|100%| O|  |TAMS 0x00000006b0c00000| PB 0x00000006b0800000| Untracked |  0
| 690|0x00000006b0c00000, 0x00000006b1000000, 0x00000006b1000000|100%| O|  |TAMS 0x00000006b1000000| PB 0x00000006b0c00000| Untracked |  0
| 691|0x00000006b1000000, 0x00000006b1400000, 0x00000006b1400000|100%| O|  |TAMS 0x00000006b1400000| PB 0x00000006b1000000| Untracked |  0
| 692|0x00000006b1400000, 0x00000006b1800000, 0x00000006b1800000|100%| O|  |TAMS 0x00000006b1800000| PB 0x00000006b1400000| Untracked |  0
| 693|0x00000006b1800000, 0x00000006b1c00000, 0x00000006b1c00000|100%| O|  |TAMS 0x00000006b1c00000| PB 0x00000006b1800000| Untracked |  0
| 694|0x00000006b1c00000, 0x00000006b2000000, 0x00000006b2000000|100%| O|  |TAMS 0x00000006b2000000| PB 0x00000006b1c00000| Untracked |  0
| 695|0x00000006b2000000, 0x00000006b2400000, 0x00000006b2400000|100%| O|  |TAMS 0x00000006b2400000| PB 0x00000006b2000000| Untracked |  0
| 696|0x00000006b2400000, 0x00000006b2800000, 0x00000006b2800000|100%| O|  |TAMS 0x00000006b2800000| PB 0x00000006b2400000| Untracked |  0
| 697|0x00000006b2800000, 0x00000006b2c00000, 0x00000006b2c00000|100%| O|  |TAMS 0x00000006b2c00000| PB 0x00000006b2800000| Untracked |  0
| 698|0x00000006b2c00000, 0x00000006b3000000, 0x00000006b3000000|100%| O|  |TAMS 0x00000006b3000000| PB 0x00000006b2c00000| Untracked |  0
| 699|0x00000006b3000000, 0x00000006b3400000, 0x00000006b3400000|100%| O|  |TAMS 0x00000006b3400000| PB 0x00000006b3000000| Untracked |  0
| 700|0x00000006b3400000, 0x00000006b3800000, 0x00000006b3800000|100%| O|  |TAMS 0x00000006b3800000| PB 0x00000006b3400000| Untracked |  0
| 701|0x00000006b3800000, 0x00000006b3c00000, 0x00000006b3c00000|100%| O|  |TAMS 0x00000006b3c00000| PB 0x00000006b3800000| Untracked |  0
| 702|0x00000006b3c00000, 0x00000006b4000000, 0x00000006b4000000|100%| O|  |TAMS 0x00000006b4000000| PB 0x00000006b3c00000| Untracked |  0
| 703|0x00000006b4000000, 0x00000006b4400000, 0x00000006b4400000|100%| O|  |TAMS 0x00000006b4400000| PB 0x00000006b4000000| Untracked |  0
| 704|0x00000006b4400000, 0x00000006b4800000, 0x00000006b4800000|100%| O|  |TAMS 0x00000006b4800000| PB 0x00000006b4400000| Untracked |  0
| 705|0x00000006b4800000, 0x00000006b4c00000, 0x00000006b4c00000|100%| O|  |TAMS 0x00000006b4c00000| PB 0x00000006b4800000| Untracked |  0
| 706|0x00000006b4c00000, 0x00000006b5000000, 0x00000006b5000000|100%| O|  |TAMS 0x00000006b5000000| PB 0x00000006b4c00000| Untracked |  0
| 707|0x00000006b5000000, 0x00000006b5400000, 0x00000006b5400000|100%| O|  |TAMS 0x00000006b5400000| PB 0x00000006b5000000| Untracked |  0
| 708|0x00000006b5400000, 0x00000006b5800000, 0x00000006b5800000|100%| O|  |TAMS 0x00000006b5800000| PB 0x00000006b5400000| Untracked |  0
| 709|0x00000006b5800000, 0x00000006b5c00000, 0x00000006b5c00000|100%| O|  |TAMS 0x00000006b5c00000| PB 0x00000006b5800000| Untracked |  0
| 710|0x00000006b5c00000, 0x00000006b6000000, 0x00000006b6000000|100%| O|  |TAMS 0x00000006b6000000| PB 0x00000006b5c00000| Untracked |  0
| 711|0x00000006b6000000, 0x00000006b6400000, 0x00000006b6400000|100%| O|  |TAMS 0x00000006b6400000| PB 0x00000006b6000000| Untracked |  0
| 712|0x00000006b6400000, 0x00000006b6800000, 0x00000006b6800000|100%| O|  |TAMS 0x00000006b6800000| PB 0x00000006b6400000| Untracked |  0
| 713|0x00000006b6800000, 0x00000006b6c00000, 0x00000006b6c00000|100%| O|  |TAMS 0x00000006b6c00000| PB 0x00000006b6800000| Untracked |  0
| 714|0x00000006b6c00000, 0x00000006b7000000, 0x00000006b7000000|100%| O|  |TAMS 0x00000006b7000000| PB 0x00000006b6c00000| Untracked |  0
| 715|0x00000006b7000000, 0x00000006b7400000, 0x00000006b7400000|100%| O|  |TAMS 0x00000006b7400000| PB 0x00000006b7000000| Untracked |  0
| 716|0x00000006b7400000, 0x00000006b7800000, 0x00000006b7800000|100%| O|  |TAMS 0x00000006b7800000| PB 0x00000006b7400000| Untracked |  0
| 717|0x00000006b7800000, 0x00000006b7c00000, 0x00000006b7c00000|100%| O|  |TAMS 0x00000006b7c00000| PB 0x00000006b7800000| Untracked |  0
| 718|0x00000006b7c00000, 0x00000006b8000000, 0x00000006b8000000|100%| O|  |TAMS 0x00000006b8000000| PB 0x00000006b7c00000| Untracked |  0
| 719|0x00000006b8000000, 0x00000006b8400000, 0x00000006b8400000|100%| O|  |TAMS 0x00000006b8400000| PB 0x00000006b8000000| Untracked |  0
| 720|0x00000006b8400000, 0x00000006b8800000, 0x00000006b8800000|100%| O|  |TAMS 0x00000006b8800000| PB 0x00000006b8400000| Untracked |  0
| 721|0x00000006b8800000, 0x00000006b8c00000, 0x00000006b8c00000|100%| O|  |TAMS 0x00000006b8c00000| PB 0x00000006b8800000| Untracked |  0
| 722|0x00000006b8c00000, 0x00000006b9000000, 0x00000006b9000000|100%| O|  |TAMS 0x00000006b9000000| PB 0x00000006b8c00000| Untracked |  0
| 723|0x00000006b9000000, 0x00000006b9400000, 0x00000006b9400000|100%| O|  |TAMS 0x00000006b9400000| PB 0x00000006b9000000| Untracked |  0
| 724|0x00000006b9400000, 0x00000006b9800000, 0x00000006b9800000|100%| O|  |TAMS 0x00000006b9800000| PB 0x00000006b9400000| Untracked |  0
| 725|0x00000006b9800000, 0x00000006b9c00000, 0x00000006b9c00000|100%| O|  |TAMS 0x00000006b9c00000| PB 0x00000006b9800000| Untracked |  0
| 726|0x00000006b9c00000, 0x00000006ba000000, 0x00000006ba000000|100%| O|  |TAMS 0x00000006ba000000| PB 0x00000006b9c00000| Untracked |  0
| 727|0x00000006ba000000, 0x00000006ba400000, 0x00000006ba400000|100%| O|  |TAMS 0x00000006ba400000| PB 0x00000006ba000000| Untracked |  0
| 728|0x00000006ba400000, 0x00000006ba800000, 0x00000006ba800000|100%| O|  |TAMS 0x00000006ba800000| PB 0x00000006ba400000| Untracked |  0
| 729|0x00000006ba800000, 0x00000006bac00000, 0x00000006bac00000|100%| O|  |TAMS 0x00000006bac00000| PB 0x00000006ba800000| Untracked |  0
| 730|0x00000006bac00000, 0x00000006bb000000, 0x00000006bb000000|100%| O|  |TAMS 0x00000006bb000000| PB 0x00000006bac00000| Untracked |  0
| 731|0x00000006bb000000, 0x00000006bb400000, 0x00000006bb400000|100%| O|  |TAMS 0x00000006bb400000| PB 0x00000006bb000000| Untracked |  0
| 732|0x00000006bb400000, 0x00000006bb800000, 0x00000006bb800000|100%| O|  |TAMS 0x00000006bb800000| PB 0x00000006bb400000| Untracked |  0
| 733|0x00000006bb800000, 0x00000006bbc00000, 0x00000006bbc00000|100%| O|  |TAMS 0x00000006bbc00000| PB 0x00000006bb800000| Untracked |  0
| 734|0x00000006bbc00000, 0x00000006bc000000, 0x00000006bc000000|100%| O|  |TAMS 0x00000006bc000000| PB 0x00000006bbc00000| Untracked |  0
| 735|0x00000006bc000000, 0x00000006bc400000, 0x00000006bc400000|100%| O|  |TAMS 0x00000006bc400000| PB 0x00000006bc000000| Untracked |  0
| 736|0x00000006bc400000, 0x00000006bc800000, 0x00000006bc800000|100%| O|  |TAMS 0x00000006bc800000| PB 0x00000006bc400000| Untracked |  0
| 737|0x00000006bc800000, 0x00000006bcc00000, 0x00000006bcc00000|100%| O|  |TAMS 0x00000006bcc00000| PB 0x00000006bc800000| Untracked |  0
| 738|0x00000006bcc00000, 0x00000006bd000000, 0x00000006bd000000|100%| O|  |TAMS 0x00000006bd000000| PB 0x00000006bcc00000| Untracked |  0
| 739|0x00000006bd000000, 0x00000006bd400000, 0x00000006bd400000|100%| O|  |TAMS 0x00000006bd400000| PB 0x00000006bd000000| Untracked |  0
| 740|0x00000006bd400000, 0x00000006bd800000, 0x00000006bd800000|100%| O|  |TAMS 0x00000006bd800000| PB 0x00000006bd400000| Untracked |  0
| 741|0x00000006bd800000, 0x00000006bdc00000, 0x00000006bdc00000|100%| O|  |TAMS 0x00000006bdc00000| PB 0x00000006bd800000| Untracked |  0
| 742|0x00000006bdc00000, 0x00000006be000000, 0x00000006be000000|100%| O|  |TAMS 0x00000006be000000| PB 0x00000006bdc00000| Untracked |  0
| 743|0x00000006be000000, 0x00000006be400000, 0x00000006be400000|100%| O|  |TAMS 0x00000006be400000| PB 0x00000006be000000| Untracked |  0
| 744|0x00000006be400000, 0x00000006be800000, 0x00000006be800000|100%| O|  |TAMS 0x00000006be800000| PB 0x00000006be400000| Untracked |  0
| 745|0x00000006be800000, 0x00000006bec00000, 0x00000006bec00000|100%| O|  |TAMS 0x00000006bec00000| PB 0x00000006be800000| Untracked |  0
| 746|0x00000006bec00000, 0x00000006bf000000, 0x00000006bf000000|100%| O|  |TAMS 0x00000006bf000000| PB 0x00000006bec00000| Untracked |  0
| 747|0x00000006bf000000, 0x00000006bf400000, 0x00000006bf400000|100%| O|  |TAMS 0x00000006bf400000| PB 0x00000006bf000000| Untracked |  0
| 748|0x00000006bf400000, 0x00000006bf800000, 0x00000006bf800000|100%| O|  |TAMS 0x00000006bf800000| PB 0x00000006bf400000| Untracked |  0
| 749|0x00000006bf800000, 0x00000006bfc00000, 0x00000006bfc00000|100%| O|  |TAMS 0x00000006bfc00000| PB 0x00000006bf800000| Untracked |  0
| 750|0x00000006bfc00000, 0x00000006c0000000, 0x00000006c0000000|100%| O|  |TAMS 0x00000006c0000000| PB 0x00000006bfc00000| Untracked |  0
| 751|0x00000006c0000000, 0x00000006c0400000, 0x00000006c0400000|100%| O|  |TAMS 0x00000006c0400000| PB 0x00000006c0000000| Untracked |  0
| 752|0x00000006c0400000, 0x00000006c0800000, 0x00000006c0800000|100%| O|  |TAMS 0x00000006c0800000| PB 0x00000006c0400000| Untracked |  0
| 753|0x00000006c0800000, 0x00000006c0c00000, 0x00000006c0c00000|100%| O|  |TAMS 0x00000006c0c00000| PB 0x00000006c0800000| Untracked |  0
| 754|0x00000006c0c00000, 0x00000006c1000000, 0x00000006c1000000|100%| O|  |TAMS 0x00000006c1000000| PB 0x00000006c0c00000| Untracked |  0
| 755|0x00000006c1000000, 0x00000006c1400000, 0x00000006c1400000|100%| O|  |TAMS 0x00000006c1400000| PB 0x00000006c1000000| Untracked |  0
| 756|0x00000006c1400000, 0x00000006c1800000, 0x00000006c1800000|100%| O|  |TAMS 0x00000006c1800000| PB 0x00000006c1400000| Untracked |  0
| 757|0x00000006c1800000, 0x00000006c1c00000, 0x00000006c1c00000|100%| O|  |TAMS 0x00000006c1c00000| PB 0x00000006c1800000| Untracked |  0
| 758|0x00000006c1c00000, 0x00000006c2000000, 0x00000006c2000000|100%| O|  |TAMS 0x00000006c2000000| PB 0x00000006c1c00000| Untracked |  0
| 759|0x00000006c2000000, 0x00000006c2400000, 0x00000006c2400000|100%| O|  |TAMS 0x00000006c2400000| PB 0x00000006c2000000| Untracked |  0
| 760|0x00000006c2400000, 0x00000006c2800000, 0x00000006c2800000|100%| O|  |TAMS 0x00000006c2800000| PB 0x00000006c2400000| Untracked |  0
| 761|0x00000006c2800000, 0x00000006c2c00000, 0x00000006c2c00000|100%| O|  |TAMS 0x00000006c2c00000| PB 0x00000006c2800000| Untracked |  0
| 762|0x00000006c2c00000, 0x00000006c3000000, 0x00000006c3000000|100%| O|  |TAMS 0x00000006c3000000| PB 0x00000006c2c00000| Untracked |  0
| 763|0x00000006c3000000, 0x00000006c3400000, 0x00000006c3400000|100%| O|  |TAMS 0x00000006c3400000| PB 0x00000006c3000000| Untracked |  0
| 764|0x00000006c3400000, 0x00000006c3800000, 0x00000006c3800000|100%| O|  |TAMS 0x00000006c3800000| PB 0x00000006c3400000| Untracked |  0
| 765|0x00000006c3800000, 0x00000006c3c00000, 0x00000006c3c00000|100%| O|  |TAMS 0x00000006c3c00000| PB 0x00000006c3800000| Untracked |  0
| 766|0x00000006c3c00000, 0x00000006c4000000, 0x00000006c4000000|100%| O|  |TAMS 0x00000006c4000000| PB 0x00000006c3c00000| Untracked |  0
| 767|0x00000006c4000000, 0x00000006c4400000, 0x00000006c4400000|100%| O|  |TAMS 0x00000006c4400000| PB 0x00000006c4000000| Untracked |  0
| 768|0x00000006c4400000, 0x00000006c4800000, 0x00000006c4800000|100%| O|  |TAMS 0x00000006c4800000| PB 0x00000006c4400000| Untracked |  0
| 769|0x00000006c4800000, 0x00000006c4c00000, 0x00000006c4c00000|100%| O|  |TAMS 0x00000006c4c00000| PB 0x00000006c4800000| Untracked |  0
| 770|0x00000006c4c00000, 0x00000006c5000000, 0x00000006c5000000|100%| O|  |TAMS 0x00000006c5000000| PB 0x00000006c4c00000| Untracked |  0
| 771|0x00000006c5000000, 0x00000006c5400000, 0x00000006c5400000|100%| O|  |TAMS 0x00000006c5400000| PB 0x00000006c5000000| Untracked |  0
| 772|0x00000006c5400000, 0x00000006c5800000, 0x00000006c5800000|100%| O|  |TAMS 0x00000006c5800000| PB 0x00000006c5400000| Untracked |  0
| 773|0x00000006c5800000, 0x00000006c5c00000, 0x00000006c5c00000|100%| O|  |TAMS 0x00000006c5c00000| PB 0x00000006c5800000| Untracked |  0
| 774|0x00000006c5c00000, 0x00000006c6000000, 0x00000006c6000000|100%| O|  |TAMS 0x00000006c6000000| PB 0x00000006c5c00000| Untracked |  0
| 775|0x00000006c6000000, 0x00000006c6400000, 0x00000006c6400000|100%| O|  |TAMS 0x00000006c6400000| PB 0x00000006c6000000| Untracked |  0
| 776|0x00000006c6400000, 0x00000006c6800000, 0x00000006c6800000|100%| O|  |TAMS 0x00000006c6800000| PB 0x00000006c6400000| Untracked |  0
| 777|0x00000006c6800000, 0x00000006c6c00000, 0x00000006c6c00000|100%| O|  |TAMS 0x00000006c6c00000| PB 0x00000006c6800000| Untracked |  0
| 778|0x00000006c6c00000, 0x00000006c7000000, 0x00000006c7000000|100%| O|  |TAMS 0x00000006c7000000| PB 0x00000006c6c00000| Untracked |  0
| 779|0x00000006c7000000, 0x00000006c7400000, 0x00000006c7400000|100%| O|  |TAMS 0x00000006c7400000| PB 0x00000006c7000000| Untracked |  0
| 780|0x00000006c7400000, 0x00000006c7800000, 0x00000006c7800000|100%| O|  |TAMS 0x00000006c7800000| PB 0x00000006c7400000| Untracked |  0
| 781|0x00000006c7800000, 0x00000006c7c00000, 0x00000006c7c00000|100%| O|  |TAMS 0x00000006c7c00000| PB 0x00000006c7800000| Untracked |  0
| 782|0x00000006c7c00000, 0x00000006c8000000, 0x00000006c8000000|100%| O|  |TAMS 0x00000006c8000000| PB 0x00000006c7c00000| Untracked |  0
| 783|0x00000006c8000000, 0x00000006c8400000, 0x00000006c8400000|100%| O|  |TAMS 0x00000006c8400000| PB 0x00000006c8000000| Untracked |  0
| 784|0x00000006c8400000, 0x00000006c8800000, 0x00000006c8800000|100%| O|  |TAMS 0x00000006c8800000| PB 0x00000006c8400000| Untracked |  0
| 785|0x00000006c8800000, 0x00000006c8c00000, 0x00000006c8c00000|100%| O|  |TAMS 0x00000006c8c00000| PB 0x00000006c8800000| Untracked |  0
| 786|0x00000006c8c00000, 0x00000006c9000000, 0x00000006c9000000|100%| O|  |TAMS 0x00000006c9000000| PB 0x00000006c8c00000| Untracked |  0
| 787|0x00000006c9000000, 0x00000006c9400000, 0x00000006c9400000|100%| O|  |TAMS 0x00000006c9400000| PB 0x00000006c9000000| Untracked |  0
| 788|0x00000006c9400000, 0x00000006c9800000, 0x00000006c9800000|100%| O|  |TAMS 0x00000006c9800000| PB 0x00000006c9400000| Untracked |  0
| 789|0x00000006c9800000, 0x00000006c9c00000, 0x00000006c9c00000|100%| O|  |TAMS 0x00000006c9c00000| PB 0x00000006c9800000| Untracked |  0
| 790|0x00000006c9c00000, 0x00000006ca000000, 0x00000006ca000000|100%| O|  |TAMS 0x00000006ca000000| PB 0x00000006c9c00000| Untracked |  0
| 791|0x00000006ca000000, 0x00000006ca400000, 0x00000006ca400000|100%| O|  |TAMS 0x00000006ca400000| PB 0x00000006ca000000| Untracked |  0
| 792|0x00000006ca400000, 0x00000006ca800000, 0x00000006ca800000|100%| O|  |TAMS 0x00000006ca800000| PB 0x00000006ca400000| Untracked |  0
| 793|0x00000006ca800000, 0x00000006cac00000, 0x00000006cac00000|100%| O|  |TAMS 0x00000006cac00000| PB 0x00000006ca800000| Untracked |  0
| 794|0x00000006cac00000, 0x00000006cb000000, 0x00000006cb000000|100%| O|  |TAMS 0x00000006cb000000| PB 0x00000006cac00000| Untracked |  0
| 795|0x00000006cb000000, 0x00000006cb400000, 0x00000006cb400000|100%| O|  |TAMS 0x00000006cb400000| PB 0x00000006cb000000| Untracked |  0
| 796|0x00000006cb400000, 0x00000006cb800000, 0x00000006cb800000|100%| O|  |TAMS 0x00000006cb800000| PB 0x00000006cb400000| Untracked |  0
| 797|0x00000006cb800000, 0x00000006cbc00000, 0x00000006cbc00000|100%| O|  |TAMS 0x00000006cbc00000| PB 0x00000006cb800000| Untracked |  0
| 798|0x00000006cbc00000, 0x00000006cc000000, 0x00000006cc000000|100%| O|  |TAMS 0x00000006cc000000| PB 0x00000006cbc00000| Untracked |  0
| 799|0x00000006cc000000, 0x00000006cc400000, 0x00000006cc400000|100%| O|  |TAMS 0x00000006cc400000| PB 0x00000006cc000000| Untracked |  0
| 800|0x00000006cc400000, 0x00000006cc800000, 0x00000006cc800000|100%| O|  |TAMS 0x00000006cc800000| PB 0x00000006cc400000| Untracked |  0
| 801|0x00000006cc800000, 0x00000006ccc00000, 0x00000006ccc00000|100%| O|  |TAMS 0x00000006ccc00000| PB 0x00000006cc800000| Untracked |  0
| 802|0x00000006ccc00000, 0x00000006cd000000, 0x00000006cd000000|100%| O|  |TAMS 0x00000006cd000000| PB 0x00000006ccc00000| Untracked |  0
| 803|0x00000006cd000000, 0x00000006cd400000, 0x00000006cd400000|100%| O|  |TAMS 0x00000006cd400000| PB 0x00000006cd000000| Untracked |  0
| 804|0x00000006cd400000, 0x00000006cd800000, 0x00000006cd800000|100%| O|  |TAMS 0x00000006cd800000| PB 0x00000006cd400000| Untracked |  0
| 805|0x00000006cd800000, 0x00000006cdc00000, 0x00000006cdc00000|100%| O|  |TAMS 0x00000006cdc00000| PB 0x00000006cd800000| Untracked |  0
| 806|0x00000006cdc00000, 0x00000006ce000000, 0x00000006ce000000|100%| O|  |TAMS 0x00000006ce000000| PB 0x00000006cdc00000| Untracked |  0
| 807|0x00000006ce000000, 0x00000006ce400000, 0x00000006ce400000|100%| O|  |TAMS 0x00000006ce400000| PB 0x00000006ce000000| Untracked |  0
| 808|0x00000006ce400000, 0x00000006ce800000, 0x00000006ce800000|100%| O|  |TAMS 0x00000006ce800000| PB 0x00000006ce400000| Untracked |  0
| 809|0x00000006ce800000, 0x00000006cec00000, 0x00000006cec00000|100%| O|  |TAMS 0x00000006cec00000| PB 0x00000006ce800000| Untracked |  0
| 810|0x00000006cec00000, 0x00000006cf000000, 0x00000006cf000000|100%| O|  |TAMS 0x00000006cf000000| PB 0x00000006cec00000| Untracked |  0
| 811|0x00000006cf000000, 0x00000006cf400000, 0x00000006cf400000|100%| O|  |TAMS 0x00000006cf400000| PB 0x00000006cf000000| Untracked |  0
| 812|0x00000006cf400000, 0x00000006cf800000, 0x00000006cf800000|100%| O|  |TAMS 0x00000006cf800000| PB 0x00000006cf400000| Untracked |  0
| 813|0x00000006cf800000, 0x00000006cfc00000, 0x00000006cfc00000|100%| O|  |TAMS 0x00000006cfc00000| PB 0x00000006cf800000| Untracked |  0
| 814|0x00000006cfc00000, 0x00000006d0000000, 0x00000006d0000000|100%| O|  |TAMS 0x00000006d0000000| PB 0x00000006cfc00000| Untracked |  0
| 815|0x00000006d0000000, 0x00000006d0400000, 0x00000006d0400000|100%| O|  |TAMS 0x00000006d0400000| PB 0x00000006d0000000| Untracked |  0
| 816|0x00000006d0400000, 0x00000006d0800000, 0x00000006d0800000|100%| O|  |TAMS 0x00000006d0800000| PB 0x00000006d0400000| Untracked |  0
| 817|0x00000006d0800000, 0x00000006d0c00000, 0x00000006d0c00000|100%| O|  |TAMS 0x00000006d0c00000| PB 0x00000006d0800000| Untracked |  0
| 818|0x00000006d0c00000, 0x00000006d1000000, 0x00000006d1000000|100%| O|  |TAMS 0x00000006d1000000| PB 0x00000006d0c00000| Untracked |  0
| 819|0x00000006d1000000, 0x00000006d1400000, 0x00000006d1400000|100%| O|  |TAMS 0x00000006d1400000| PB 0x00000006d1000000| Untracked |  0
| 820|0x00000006d1400000, 0x00000006d1800000, 0x00000006d1800000|100%| O|  |TAMS 0x00000006d1800000| PB 0x00000006d1400000| Untracked |  0
| 821|0x00000006d1800000, 0x00000006d1c00000, 0x00000006d1c00000|100%| O|  |TAMS 0x00000006d1c00000| PB 0x00000006d1800000| Untracked |  0
| 822|0x00000006d1c00000, 0x00000006d2000000, 0x00000006d2000000|100%| O|  |TAMS 0x00000006d2000000| PB 0x00000006d1c00000| Untracked |  0
| 823|0x00000006d2000000, 0x00000006d2400000, 0x00000006d2400000|100%| O|  |TAMS 0x00000006d2400000| PB 0x00000006d2000000| Untracked |  0
| 824|0x00000006d2400000, 0x00000006d2800000, 0x00000006d2800000|100%| O|  |TAMS 0x00000006d2800000| PB 0x00000006d2400000| Untracked |  0
| 825|0x00000006d2800000, 0x00000006d2c00000, 0x00000006d2c00000|100%| O|  |TAMS 0x00000006d2c00000| PB 0x00000006d2800000| Untracked |  0
| 826|0x00000006d2c00000, 0x00000006d3000000, 0x00000006d3000000|100%| O|  |TAMS 0x00000006d3000000| PB 0x00000006d2c00000| Untracked |  0
| 827|0x00000006d3000000, 0x00000006d3400000, 0x00000006d3400000|100%| O|  |TAMS 0x00000006d3400000| PB 0x00000006d3000000| Untracked |  0
| 828|0x00000006d3400000, 0x00000006d3800000, 0x00000006d3800000|100%| O|  |TAMS 0x00000006d3800000| PB 0x00000006d3400000| Untracked |  0
| 829|0x00000006d3800000, 0x00000006d3c00000, 0x00000006d3c00000|100%| O|  |TAMS 0x00000006d3c00000| PB 0x00000006d3800000| Untracked |  0
| 830|0x00000006d3c00000, 0x00000006d4000000, 0x00000006d4000000|100%| O|  |TAMS 0x00000006d4000000| PB 0x00000006d3c00000| Untracked |  0
| 831|0x00000006d4000000, 0x00000006d4400000, 0x00000006d4400000|100%| O|  |TAMS 0x00000006d4400000| PB 0x00000006d4000000| Untracked |  0
| 832|0x00000006d4400000, 0x00000006d4800000, 0x00000006d4800000|100%| O|  |TAMS 0x00000006d4800000| PB 0x00000006d4400000| Untracked |  0
| 833|0x00000006d4800000, 0x00000006d4c00000, 0x00000006d4c00000|100%| O|  |TAMS 0x00000006d4c00000| PB 0x00000006d4800000| Untracked |  0
| 834|0x00000006d4c00000, 0x00000006d5000000, 0x00000006d5000000|100%| O|  |TAMS 0x00000006d5000000| PB 0x00000006d4c00000| Untracked |  0
| 835|0x00000006d5000000, 0x00000006d5400000, 0x00000006d5400000|100%| O|  |TAMS 0x00000006d5400000| PB 0x00000006d5000000| Untracked |  0
| 836|0x00000006d5400000, 0x00000006d5800000, 0x00000006d5800000|100%| O|  |TAMS 0x00000006d5800000| PB 0x00000006d5400000| Untracked |  0
| 837|0x00000006d5800000, 0x00000006d5c00000, 0x00000006d5c00000|100%| O|  |TAMS 0x00000006d5c00000| PB 0x00000006d5800000| Untracked |  0
| 838|0x00000006d5c00000, 0x00000006d6000000, 0x00000006d6000000|100%| O|  |TAMS 0x00000006d6000000| PB 0x00000006d5c00000| Untracked |  0
| 839|0x00000006d6000000, 0x00000006d6400000, 0x00000006d6400000|100%| O|  |TAMS 0x00000006d6400000| PB 0x00000006d6000000| Untracked |  0
| 840|0x00000006d6400000, 0x00000006d6800000, 0x00000006d6800000|100%| O|  |TAMS 0x00000006d6800000| PB 0x00000006d6400000| Untracked |  0
| 841|0x00000006d6800000, 0x00000006d6c00000, 0x00000006d6c00000|100%| O|  |TAMS 0x00000006d6c00000| PB 0x00000006d6800000| Untracked |  0
| 842|0x00000006d6c00000, 0x00000006d7000000, 0x00000006d7000000|100%| O|  |TAMS 0x00000006d7000000| PB 0x00000006d6c00000| Untracked |  0
| 843|0x00000006d7000000, 0x00000006d7400000, 0x00000006d7400000|100%| O|  |TAMS 0x00000006d7400000| PB 0x00000006d7000000| Untracked |  0
| 844|0x00000006d7400000, 0x00000006d7800000, 0x00000006d7800000|100%| O|  |TAMS 0x00000006d7800000| PB 0x00000006d7400000| Untracked |  0
| 845|0x00000006d7800000, 0x00000006d7c00000, 0x00000006d7c00000|100%| O|  |TAMS 0x00000006d7c00000| PB 0x00000006d7800000| Untracked |  0
| 846|0x00000006d7c00000, 0x00000006d8000000, 0x00000006d8000000|100%| O|  |TAMS 0x00000006d8000000| PB 0x00000006d7c00000| Untracked |  0
| 847|0x00000006d8000000, 0x00000006d8400000, 0x00000006d8400000|100%| O|  |TAMS 0x00000006d8400000| PB 0x00000006d8000000| Untracked |  0
| 848|0x00000006d8400000, 0x00000006d8800000, 0x00000006d8800000|100%| O|  |TAMS 0x00000006d8800000| PB 0x00000006d8400000| Untracked |  0
| 849|0x00000006d8800000, 0x00000006d8c00000, 0x00000006d8c00000|100%| O|  |TAMS 0x00000006d8c00000| PB 0x00000006d8800000| Untracked |  0
| 850|0x00000006d8c00000, 0x00000006d9000000, 0x00000006d9000000|100%| O|  |TAMS 0x00000006d9000000| PB 0x00000006d8c00000| Untracked |  0
| 851|0x00000006d9000000, 0x00000006d9400000, 0x00000006d9400000|100%| O|  |TAMS 0x00000006d9400000| PB 0x00000006d9000000| Untracked |  0
| 852|0x00000006d9400000, 0x00000006d9800000, 0x00000006d9800000|100%| O|  |TAMS 0x00000006d9800000| PB 0x00000006d9400000| Untracked |  0
| 853|0x00000006d9800000, 0x00000006d9c00000, 0x00000006d9c00000|100%| O|  |TAMS 0x00000006d9c00000| PB 0x00000006d9800000| Untracked |  0
| 854|0x00000006d9c00000, 0x00000006da000000, 0x00000006da000000|100%| O|  |TAMS 0x00000006da000000| PB 0x00000006d9c00000| Untracked |  0
| 855|0x00000006da000000, 0x00000006da400000, 0x00000006da400000|100%| O|  |TAMS 0x00000006da400000| PB 0x00000006da000000| Untracked |  0
| 856|0x00000006da400000, 0x00000006da800000, 0x00000006da800000|100%| O|  |TAMS 0x00000006da800000| PB 0x00000006da400000| Untracked |  0
| 857|0x00000006da800000, 0x00000006dac00000, 0x00000006dac00000|100%| O|  |TAMS 0x00000006dac00000| PB 0x00000006da800000| Untracked |  0
| 858|0x00000006dac00000, 0x00000006db000000, 0x00000006db000000|100%| O|  |TAMS 0x00000006db000000| PB 0x00000006dac00000| Untracked |  0
| 859|0x00000006db000000, 0x00000006db400000, 0x00000006db400000|100%| O|  |TAMS 0x00000006db400000| PB 0x00000006db000000| Untracked |  0
| 860|0x00000006db400000, 0x00000006db800000, 0x00000006db800000|100%| O|  |TAMS 0x00000006db800000| PB 0x00000006db400000| Untracked |  0
| 861|0x00000006db800000, 0x00000006dbc00000, 0x00000006dbc00000|100%| O|  |TAMS 0x00000006dbc00000| PB 0x00000006db800000| Untracked |  0
| 862|0x00000006dbc00000, 0x00000006dc000000, 0x00000006dc000000|100%| O|  |TAMS 0x00000006dc000000| PB 0x00000006dbc00000| Untracked |  0
| 863|0x00000006dc000000, 0x00000006dc400000, 0x00000006dc400000|100%| O|  |TAMS 0x00000006dc400000| PB 0x00000006dc000000| Untracked |  0
| 864|0x00000006dc400000, 0x00000006dc800000, 0x00000006dc800000|100%| O|  |TAMS 0x00000006dc800000| PB 0x00000006dc400000| Untracked |  0
| 865|0x00000006dc800000, 0x00000006dcc00000, 0x00000006dcc00000|100%| O|  |TAMS 0x00000006dcc00000| PB 0x00000006dc800000| Untracked |  0
| 866|0x00000006dcc00000, 0x00000006dd000000, 0x00000006dd000000|100%| O|  |TAMS 0x00000006dd000000| PB 0x00000006dcc00000| Untracked |  0
| 867|0x00000006dd000000, 0x00000006dd400000, 0x00000006dd400000|100%| O|  |TAMS 0x00000006dd400000| PB 0x00000006dd000000| Untracked |  0
| 868|0x00000006dd400000, 0x00000006dd800000, 0x00000006dd800000|100%| O|  |TAMS 0x00000006dd800000| PB 0x00000006dd400000| Untracked |  0
| 869|0x00000006dd800000, 0x00000006ddc00000, 0x00000006ddc00000|100%| O|  |TAMS 0x00000006ddc00000| PB 0x00000006dd800000| Untracked |  0
| 870|0x00000006ddc00000, 0x00000006de000000, 0x00000006de000000|100%| O|  |TAMS 0x00000006de000000| PB 0x00000006ddc00000| Untracked |  0
| 871|0x00000006de000000, 0x00000006de400000, 0x00000006de400000|100%| O|  |TAMS 0x00000006de400000| PB 0x00000006de000000| Untracked |  0
| 872|0x00000006de400000, 0x00000006de800000, 0x00000006de800000|100%| O|  |TAMS 0x00000006de800000| PB 0x00000006de400000| Untracked |  0
| 873|0x00000006de800000, 0x00000006dec00000, 0x00000006dec00000|100%| O|  |TAMS 0x00000006dec00000| PB 0x00000006de800000| Untracked |  0
| 874|0x00000006dec00000, 0x00000006df000000, 0x00000006df000000|100%| O|  |TAMS 0x00000006df000000| PB 0x00000006dec00000| Untracked |  0
| 875|0x00000006df000000, 0x00000006df400000, 0x00000006df400000|100%| O|  |TAMS 0x00000006df400000| PB 0x00000006df000000| Untracked |  0
| 876|0x00000006df400000, 0x00000006df800000, 0x00000006df800000|100%| O|  |TAMS 0x00000006df800000| PB 0x00000006df400000| Untracked |  0
| 877|0x00000006df800000, 0x00000006dfc00000, 0x00000006dfc00000|100%| O|  |TAMS 0x00000006dfc00000| PB 0x00000006df800000| Untracked |  0
| 878|0x00000006dfc00000, 0x00000006e0000000, 0x00000006e0000000|100%| O|  |TAMS 0x00000006e0000000| PB 0x00000006dfc00000| Untracked |  0
| 879|0x00000006e0000000, 0x00000006e0400000, 0x00000006e0400000|100%| O|  |TAMS 0x00000006e0400000| PB 0x00000006e0000000| Untracked |  0
| 880|0x00000006e0400000, 0x00000006e0800000, 0x00000006e0800000|100%| O|  |TAMS 0x00000006e0800000| PB 0x00000006e0400000| Untracked |  0
| 881|0x00000006e0800000, 0x00000006e0c00000, 0x00000006e0c00000|100%| O|  |TAMS 0x00000006e0c00000| PB 0x00000006e0800000| Untracked |  0
| 882|0x00000006e0c00000, 0x00000006e1000000, 0x00000006e1000000|100%| O|  |TAMS 0x00000006e1000000| PB 0x00000006e0c00000| Untracked |  0
| 883|0x00000006e1000000, 0x00000006e1400000, 0x00000006e1400000|100%| O|  |TAMS 0x00000006e1400000| PB 0x00000006e1000000| Untracked |  0
| 884|0x00000006e1400000, 0x00000006e1800000, 0x00000006e1800000|100%| O|  |TAMS 0x00000006e1800000| PB 0x00000006e1400000| Untracked |  0
| 885|0x00000006e1800000, 0x00000006e1c00000, 0x00000006e1c00000|100%| O|  |TAMS 0x00000006e1c00000| PB 0x00000006e1800000| Untracked |  0
| 886|0x00000006e1c00000, 0x00000006e2000000, 0x00000006e2000000|100%| O|  |TAMS 0x00000006e2000000| PB 0x00000006e1c00000| Untracked |  0
| 887|0x00000006e2000000, 0x00000006e2400000, 0x00000006e2400000|100%| O|  |TAMS 0x00000006e2400000| PB 0x00000006e2000000| Untracked |  0
| 888|0x00000006e2400000, 0x00000006e2800000, 0x00000006e2800000|100%| O|  |TAMS 0x00000006e2800000| PB 0x00000006e2400000| Untracked |  0
| 889|0x00000006e2800000, 0x00000006e2c00000, 0x00000006e2c00000|100%| O|  |TAMS 0x00000006e2c00000| PB 0x00000006e2800000| Untracked |  0
| 890|0x00000006e2c00000, 0x00000006e3000000, 0x00000006e3000000|100%| O|  |TAMS 0x00000006e3000000| PB 0x00000006e2c00000| Untracked |  0
| 891|0x00000006e3000000, 0x00000006e3400000, 0x00000006e3400000|100%| O|  |TAMS 0x00000006e3400000| PB 0x00000006e3000000| Untracked |  0
| 892|0x00000006e3400000, 0x00000006e3800000, 0x00000006e3800000|100%| O|  |TAMS 0x00000006e3800000| PB 0x00000006e3400000| Untracked |  0
| 893|0x00000006e3800000, 0x00000006e3c00000, 0x00000006e3c00000|100%| O|  |TAMS 0x00000006e3c00000| PB 0x00000006e3800000| Untracked |  0
| 894|0x00000006e3c00000, 0x00000006e4000000, 0x00000006e4000000|100%| O|  |TAMS 0x00000006e4000000| PB 0x00000006e3c00000| Untracked |  0
| 895|0x00000006e4000000, 0x00000006e4400000, 0x00000006e4400000|100%| O|  |TAMS 0x00000006e4400000| PB 0x00000006e4000000| Untracked |  0
| 896|0x00000006e4400000, 0x00000006e4800000, 0x00000006e4800000|100%| O|  |TAMS 0x00000006e4800000| PB 0x00000006e4400000| Untracked |  0
| 897|0x00000006e4800000, 0x00000006e4c00000, 0x00000006e4c00000|100%| O|  |TAMS 0x00000006e4c00000| PB 0x00000006e4800000| Untracked |  0
| 898|0x00000006e4c00000, 0x00000006e5000000, 0x00000006e5000000|100%| O|  |TAMS 0x00000006e5000000| PB 0x00000006e4c00000| Untracked |  0
| 899|0x00000006e5000000, 0x00000006e5400000, 0x00000006e5400000|100%| O|  |TAMS 0x00000006e5400000| PB 0x00000006e5000000| Untracked |  0
| 900|0x00000006e5400000, 0x00000006e5800000, 0x00000006e5800000|100%| O|  |TAMS 0x00000006e5800000| PB 0x00000006e5400000| Untracked |  0
| 901|0x00000006e5800000, 0x00000006e5c00000, 0x00000006e5c00000|100%| O|  |TAMS 0x00000006e5c00000| PB 0x00000006e5800000| Untracked |  0
| 902|0x00000006e5c00000, 0x00000006e6000000, 0x00000006e6000000|100%| O|  |TAMS 0x00000006e6000000| PB 0x00000006e5c00000| Untracked |  0
| 903|0x00000006e6000000, 0x00000006e6400000, 0x00000006e6400000|100%| O|  |TAMS 0x00000006e6400000| PB 0x00000006e6000000| Untracked |  0
| 904|0x00000006e6400000, 0x00000006e6800000, 0x00000006e6800000|100%| O|  |TAMS 0x00000006e6800000| PB 0x00000006e6400000| Untracked |  0
| 905|0x00000006e6800000, 0x00000006e6c00000, 0x00000006e6c00000|100%| O|  |TAMS 0x00000006e6c00000| PB 0x00000006e6800000| Untracked |  0
| 906|0x00000006e6c00000, 0x00000006e7000000, 0x00000006e7000000|100%| O|  |TAMS 0x00000006e7000000| PB 0x00000006e6c00000| Untracked |  0
| 907|0x00000006e7000000, 0x00000006e7400000, 0x00000006e7400000|100%| O|  |TAMS 0x00000006e7400000| PB 0x00000006e7000000| Untracked |  0
| 908|0x00000006e7400000, 0x00000006e7800000, 0x00000006e7800000|100%| O|  |TAMS 0x00000006e7800000| PB 0x00000006e7400000| Untracked |  0
| 909|0x00000006e7800000, 0x00000006e7c00000, 0x00000006e7c00000|100%| O|  |TAMS 0x00000006e7c00000| PB 0x00000006e7800000| Untracked |  0
| 910|0x00000006e7c00000, 0x00000006e8000000, 0x00000006e8000000|100%| O|  |TAMS 0x00000006e8000000| PB 0x00000006e7c00000| Untracked |  0
| 911|0x00000006e8000000, 0x00000006e8400000, 0x00000006e8400000|100%| O|  |TAMS 0x00000006e8400000| PB 0x00000006e8000000| Untracked |  0
| 912|0x00000006e8400000, 0x00000006e8800000, 0x00000006e8800000|100%| O|  |TAMS 0x00000006e8800000| PB 0x00000006e8400000| Untracked |  0
| 913|0x00000006e8800000, 0x00000006e8c00000, 0x00000006e8c00000|100%| O|  |TAMS 0x00000006e8c00000| PB 0x00000006e8800000| Untracked |  0
| 914|0x00000006e8c00000, 0x00000006e9000000, 0x00000006e9000000|100%| O|  |TAMS 0x00000006e9000000| PB 0x00000006e8c00000| Untracked |  0
| 915|0x00000006e9000000, 0x00000006e9400000, 0x00000006e9400000|100%| O|  |TAMS 0x00000006e9400000| PB 0x00000006e9000000| Untracked |  0
| 916|0x00000006e9400000, 0x00000006e9800000, 0x00000006e9800000|100%| O|  |TAMS 0x00000006e9800000| PB 0x00000006e9400000| Untracked |  0
| 917|0x00000006e9800000, 0x00000006e9c00000, 0x00000006e9c00000|100%| O|  |TAMS 0x00000006e9c00000| PB 0x00000006e9800000| Untracked |  0
| 918|0x00000006e9c00000, 0x00000006ea000000, 0x00000006ea000000|100%| O|  |TAMS 0x00000006ea000000| PB 0x00000006e9c00000| Untracked |  0
| 919|0x00000006ea000000, 0x00000006ea400000, 0x00000006ea400000|100%| O|  |TAMS 0x00000006ea400000| PB 0x00000006ea000000| Untracked |  0
| 920|0x00000006ea400000, 0x00000006ea800000, 0x00000006ea800000|100%| O|  |TAMS 0x00000006ea800000| PB 0x00000006ea400000| Untracked |  0
| 921|0x00000006ea800000, 0x00000006eac00000, 0x00000006eac00000|100%| O|  |TAMS 0x00000006eac00000| PB 0x00000006ea800000| Untracked |  0
| 922|0x00000006eac00000, 0x00000006eb000000, 0x00000006eb000000|100%| O|  |TAMS 0x00000006eb000000| PB 0x00000006eac00000| Untracked |  0
| 923|0x00000006eb000000, 0x00000006eb400000, 0x00000006eb400000|100%| O|  |TAMS 0x00000006eb400000| PB 0x00000006eb000000| Untracked |  0
| 924|0x00000006eb400000, 0x00000006eb800000, 0x00000006eb800000|100%| O|  |TAMS 0x00000006eb800000| PB 0x00000006eb400000| Untracked |  0
| 925|0x00000006eb800000, 0x00000006ebc00000, 0x00000006ebc00000|100%| O|  |TAMS 0x00000006ebc00000| PB 0x00000006eb800000| Untracked |  0
| 926|0x00000006ebc00000, 0x00000006ec000000, 0x00000006ec000000|100%| O|  |TAMS 0x00000006ec000000| PB 0x00000006ebc00000| Untracked |  0
| 927|0x00000006ec000000, 0x00000006ec400000, 0x00000006ec400000|100%| O|  |TAMS 0x00000006ec400000| PB 0x00000006ec000000| Untracked |  0
| 928|0x00000006ec400000, 0x00000006ec800000, 0x00000006ec800000|100%| O|  |TAMS 0x00000006ec800000| PB 0x00000006ec400000| Untracked |  0
| 929|0x00000006ec800000, 0x00000006ecc00000, 0x00000006ecc00000|100%| O|  |TAMS 0x00000006ecc00000| PB 0x00000006ec800000| Untracked |  0
| 930|0x00000006ecc00000, 0x00000006ed000000, 0x00000006ed000000|100%| O|  |TAMS 0x00000006ed000000| PB 0x00000006ecc00000| Untracked |  0
| 931|0x00000006ed000000, 0x00000006ed400000, 0x00000006ed400000|100%| O|  |TAMS 0x00000006ed400000| PB 0x00000006ed000000| Untracked |  0
| 932|0x00000006ed400000, 0x00000006ed800000, 0x00000006ed800000|100%| O|  |TAMS 0x00000006ed800000| PB 0x00000006ed400000| Untracked |  0
| 933|0x00000006ed800000, 0x00000006edc00000, 0x00000006edc00000|100%| O|  |TAMS 0x00000006edc00000| PB 0x00000006ed800000| Untracked |  0
| 934|0x00000006edc00000, 0x00000006ee000000, 0x00000006ee000000|100%| O|  |TAMS 0x00000006ee000000| PB 0x00000006edc00000| Untracked |  0
| 935|0x00000006ee000000, 0x00000006ee400000, 0x00000006ee400000|100%| O|  |TAMS 0x00000006ee400000| PB 0x00000006ee000000| Untracked |  0
| 936|0x00000006ee400000, 0x00000006ee800000, 0x00000006ee800000|100%| O|  |TAMS 0x00000006ee800000| PB 0x00000006ee400000| Untracked |  0
| 937|0x00000006ee800000, 0x00000006eec00000, 0x00000006eec00000|100%| O|  |TAMS 0x00000006eec00000| PB 0x00000006ee800000| Untracked |  0
| 938|0x00000006eec00000, 0x00000006ef000000, 0x00000006ef000000|100%| O|  |TAMS 0x00000006ef000000| PB 0x00000006eec00000| Untracked |  0
| 939|0x00000006ef000000, 0x00000006ef400000, 0x00000006ef400000|100%| O|  |TAMS 0x00000006ef400000| PB 0x00000006ef000000| Untracked |  0
| 940|0x00000006ef400000, 0x00000006ef800000, 0x00000006ef800000|100%| O|  |TAMS 0x00000006ef800000| PB 0x00000006ef400000| Untracked |  0
| 941|0x00000006ef800000, 0x00000006efc00000, 0x00000006efc00000|100%| O|  |TAMS 0x00000006efc00000| PB 0x00000006ef800000| Untracked |  0
| 942|0x00000006efc00000, 0x00000006f0000000, 0x00000006f0000000|100%| O|  |TAMS 0x00000006f0000000| PB 0x00000006efc00000| Untracked |  0
| 943|0x00000006f0000000, 0x00000006f0400000, 0x00000006f0400000|100%| O|  |TAMS 0x00000006f0400000| PB 0x00000006f0000000| Untracked |  0
| 944|0x00000006f0400000, 0x00000006f0800000, 0x00000006f0800000|100%| O|  |TAMS 0x00000006f0800000| PB 0x00000006f0400000| Untracked |  0
| 945|0x00000006f0800000, 0x00000006f0c00000, 0x00000006f0c00000|100%| O|  |TAMS 0x00000006f0c00000| PB 0x00000006f0800000| Untracked |  0
| 946|0x00000006f0c00000, 0x00000006f1000000, 0x00000006f1000000|100%| O|  |TAMS 0x00000006f1000000| PB 0x00000006f0c00000| Untracked |  0
| 947|0x00000006f1000000, 0x00000006f1400000, 0x00000006f1400000|100%| O|  |TAMS 0x00000006f1400000| PB 0x00000006f1000000| Untracked |  0
| 948|0x00000006f1400000, 0x00000006f1800000, 0x00000006f1800000|100%| O|  |TAMS 0x00000006f1800000| PB 0x00000006f1400000| Untracked |  0
| 949|0x00000006f1800000, 0x00000006f1c00000, 0x00000006f1c00000|100%| O|  |TAMS 0x00000006f1c00000| PB 0x00000006f1800000| Untracked |  0
| 950|0x00000006f1c00000, 0x00000006f2000000, 0x00000006f2000000|100%| O|  |TAMS 0x00000006f2000000| PB 0x00000006f1c00000| Untracked |  0
| 951|0x00000006f2000000, 0x00000006f2400000, 0x00000006f2400000|100%| O|  |TAMS 0x00000006f2400000| PB 0x00000006f2000000| Untracked |  0
| 952|0x00000006f2400000, 0x00000006f2800000, 0x00000006f2800000|100%| O|  |TAMS 0x00000006f2800000| PB 0x00000006f2400000| Untracked |  0
| 953|0x00000006f2800000, 0x00000006f2c00000, 0x00000006f2c00000|100%| O|  |TAMS 0x00000006f2c00000| PB 0x00000006f2800000| Untracked |  0
| 954|0x00000006f2c00000, 0x00000006f3000000, 0x00000006f3000000|100%| O|  |TAMS 0x00000006f3000000| PB 0x00000006f2c00000| Untracked |  0
| 955|0x00000006f3000000, 0x00000006f3400000, 0x00000006f3400000|100%| O|  |TAMS 0x00000006f3400000| PB 0x00000006f3000000| Untracked |  0
| 956|0x00000006f3400000, 0x00000006f3800000, 0x00000006f3800000|100%| O|  |TAMS 0x00000006f3800000| PB 0x00000006f3400000| Untracked |  0
| 957|0x00000006f3800000, 0x00000006f3c00000, 0x00000006f3c00000|100%| O|  |TAMS 0x00000006f3c00000| PB 0x00000006f3800000| Untracked |  0
| 958|0x00000006f3c00000, 0x00000006f4000000, 0x00000006f4000000|100%| O|  |TAMS 0x00000006f4000000| PB 0x00000006f3c00000| Untracked |  0
| 959|0x00000006f4000000, 0x00000006f4400000, 0x00000006f4400000|100%| O|  |TAMS 0x00000006f4400000| PB 0x00000006f4000000| Untracked |  0
| 960|0x00000006f4400000, 0x00000006f4800000, 0x00000006f4800000|100%| O|  |TAMS 0x00000006f4800000| PB 0x00000006f4400000| Untracked |  0
| 961|0x00000006f4800000, 0x00000006f4c00000, 0x00000006f4c00000|100%| O|  |TAMS 0x00000006f4c00000| PB 0x00000006f4800000| Untracked |  0
| 962|0x00000006f4c00000, 0x00000006f5000000, 0x00000006f5000000|100%| O|  |TAMS 0x00000006f5000000| PB 0x00000006f4c00000| Untracked |  0
| 963|0x00000006f5000000, 0x00000006f5400000, 0x00000006f5400000|100%| O|  |TAMS 0x00000006f5400000| PB 0x00000006f5000000| Untracked |  0
| 964|0x00000006f5400000, 0x00000006f5800000, 0x00000006f5800000|100%| O|  |TAMS 0x00000006f5800000| PB 0x00000006f5400000| Untracked |  0
| 965|0x00000006f5800000, 0x00000006f5c00000, 0x00000006f5c00000|100%| O|  |TAMS 0x00000006f5c00000| PB 0x00000006f5800000| Untracked |  0
| 966|0x00000006f5c00000, 0x00000006f6000000, 0x00000006f6000000|100%| O|  |TAMS 0x00000006f6000000| PB 0x00000006f5c00000| Untracked |  0
| 967|0x00000006f6000000, 0x00000006f6400000, 0x00000006f6400000|100%| O|  |TAMS 0x00000006f6400000| PB 0x00000006f6000000| Untracked |  0
| 968|0x00000006f6400000, 0x00000006f6800000, 0x00000006f6800000|100%| O|  |TAMS 0x00000006f6800000| PB 0x00000006f6400000| Untracked |  0
| 969|0x00000006f6800000, 0x00000006f6c00000, 0x00000006f6c00000|100%| O|  |TAMS 0x00000006f6c00000| PB 0x00000006f6800000| Untracked |  0
| 970|0x00000006f6c00000, 0x00000006f7000000, 0x00000006f7000000|100%| O|  |TAMS 0x00000006f7000000| PB 0x00000006f6c00000| Untracked |  0
| 971|0x00000006f7000000, 0x00000006f7400000, 0x00000006f7400000|100%| O|  |TAMS 0x00000006f7400000| PB 0x00000006f7000000| Untracked |  0
| 972|0x00000006f7400000, 0x00000006f7800000, 0x00000006f7800000|100%| O|  |TAMS 0x00000006f7800000| PB 0x00000006f7400000| Untracked |  0
| 973|0x00000006f7800000, 0x00000006f7c00000, 0x00000006f7c00000|100%| O|  |TAMS 0x00000006f7c00000| PB 0x00000006f7800000| Untracked |  0
| 974|0x00000006f7c00000, 0x00000006f8000000, 0x00000006f8000000|100%| O|  |TAMS 0x00000006f8000000| PB 0x00000006f7c00000| Untracked |  0
| 975|0x00000006f8000000, 0x00000006f8400000, 0x00000006f8400000|100%| O|  |TAMS 0x00000006f8400000| PB 0x00000006f8000000| Untracked |  0
| 976|0x00000006f8400000, 0x00000006f8800000, 0x00000006f8800000|100%| O|  |TAMS 0x00000006f8800000| PB 0x00000006f8400000| Untracked |  0
| 977|0x00000006f8800000, 0x00000006f8c00000, 0x00000006f8c00000|100%| O|  |TAMS 0x00000006f8c00000| PB 0x00000006f8800000| Untracked |  0
| 978|0x00000006f8c00000, 0x00000006f9000000, 0x00000006f9000000|100%| O|  |TAMS 0x00000006f9000000| PB 0x00000006f8c00000| Untracked |  0
| 979|0x00000006f9000000, 0x00000006f9400000, 0x00000006f9400000|100%| O|  |TAMS 0x00000006f9400000| PB 0x00000006f9000000| Untracked |  0
| 980|0x00000006f9400000, 0x00000006f9800000, 0x00000006f9800000|100%| O|  |TAMS 0x00000006f9800000| PB 0x00000006f9400000| Untracked |  0
| 981|0x00000006f9800000, 0x00000006f9c00000, 0x00000006f9c00000|100%| O|  |TAMS 0x00000006f9c00000| PB 0x00000006f9800000| Untracked |  0
| 982|0x00000006f9c00000, 0x00000006fa000000, 0x00000006fa000000|100%| O|  |TAMS 0x00000006fa000000| PB 0x00000006f9c00000| Untracked |  0
| 983|0x00000006fa000000, 0x00000006fa400000, 0x00000006fa400000|100%| O|  |TAMS 0x00000006fa400000| PB 0x00000006fa000000| Untracked |  0
| 984|0x00000006fa400000, 0x00000006fa800000, 0x00000006fa800000|100%| O|  |TAMS 0x00000006fa800000| PB 0x00000006fa400000| Untracked |  0
| 985|0x00000006fa800000, 0x00000006fac00000, 0x00000006fac00000|100%| O|  |TAMS 0x00000006fac00000| PB 0x00000006fa800000| Untracked |  0
| 986|0x00000006fac00000, 0x00000006fb000000, 0x00000006fb000000|100%| O|  |TAMS 0x00000006fb000000| PB 0x00000006fac00000| Untracked |  0
| 987|0x00000006fb000000, 0x00000006fb400000, 0x00000006fb400000|100%| O|  |TAMS 0x00000006fb400000| PB 0x00000006fb000000| Untracked |  0
| 988|0x00000006fb400000, 0x00000006fb800000, 0x00000006fb800000|100%| O|  |TAMS 0x00000006fb800000| PB 0x00000006fb400000| Untracked |  0
| 989|0x00000006fb800000, 0x00000006fbc00000, 0x00000006fbc00000|100%| O|  |TAMS 0x00000006fbc00000| PB 0x00000006fb800000| Untracked |  0
| 990|0x00000006fbc00000, 0x00000006fc000000, 0x00000006fc000000|100%| O|  |TAMS 0x00000006fc000000| PB 0x00000006fbc00000| Untracked |  0
| 991|0x00000006fc000000, 0x00000006fc400000, 0x00000006fc400000|100%| O|  |TAMS 0x00000006fc400000| PB 0x00000006fc000000| Untracked |  0
| 992|0x00000006fc400000, 0x00000006fc800000, 0x00000006fc800000|100%| O|  |TAMS 0x00000006fc800000| PB 0x00000006fc400000| Untracked |  0
| 993|0x00000006fc800000, 0x00000006fcc00000, 0x00000006fcc00000|100%| O|  |TAMS 0x00000006fcc00000| PB 0x00000006fc800000| Untracked |  0
| 994|0x00000006fcc00000, 0x00000006fd000000, 0x00000006fd000000|100%| O|  |TAMS 0x00000006fd000000| PB 0x00000006fcc00000| Untracked |  0
| 995|0x00000006fd000000, 0x00000006fd400000, 0x00000006fd400000|100%| O|  |TAMS 0x00000006fd400000| PB 0x00000006fd000000| Untracked |  0
| 996|0x00000006fd400000, 0x00000006fd800000, 0x00000006fd800000|100%| O|  |TAMS 0x00000006fd800000| PB 0x00000006fd400000| Untracked |  0
| 997|0x00000006fd800000, 0x00000006fdc00000, 0x00000006fdc00000|100%| O|  |TAMS 0x00000006fdc00000| PB 0x00000006fd800000| Untracked |  0
| 998|0x00000006fdc00000, 0x00000006fe000000, 0x00000006fe000000|100%| O|  |TAMS 0x00000006fe000000| PB 0x00000006fdc00000| Untracked |  0
| 999|0x00000006fe000000, 0x00000006fe400000, 0x00000006fe400000|100%| O|  |TAMS 0x00000006fe400000| PB 0x00000006fe000000| Untracked |  0
|1000|0x00000006fe400000, 0x00000006fe800000, 0x00000006fe800000|100%| O|  |TAMS 0x00000006fe800000| PB 0x00000006fe400000| Untracked |  0
|1001|0x00000006fe800000, 0x00000006fec00000, 0x00000006fec00000|100%| O|  |TAMS 0x00000006fec00000| PB 0x00000006fe800000| Untracked |  0
|1002|0x00000006fec00000, 0x00000006ff000000, 0x00000006ff000000|100%| O|  |TAMS 0x00000006ff000000| PB 0x00000006fec00000| Untracked |  0
|1003|0x00000006ff000000, 0x00000006ff400000, 0x00000006ff400000|100%| O|  |TAMS 0x00000006ff400000| PB 0x00000006ff000000| Untracked |  0
|1004|0x00000006ff400000, 0x00000006ff800000, 0x00000006ff800000|100%| O|  |TAMS 0x00000006ff800000| PB 0x00000006ff400000| Untracked |  0
|1005|0x00000006ff800000, 0x00000006ffc00000, 0x00000006ffc00000|100%| O|  |TAMS 0x00000006ffc00000| PB 0x00000006ff800000| Untracked |  0
|1006|0x00000006ffc00000, 0x0000000700000000, 0x0000000700000000|100%| O|  |TAMS 0x0000000700000000| PB 0x00000006ffc00000| Untracked |  0
|1007|0x0000000700000000, 0x0000000700400000, 0x0000000700400000|100%| O|  |TAMS 0x0000000700400000| PB 0x0000000700000000| Untracked |  0
|1008|0x0000000700400000, 0x0000000700800000, 0x0000000700800000|100%| O|  |TAMS 0x0000000700800000| PB 0x0000000700400000| Untracked |  0
|1009|0x0000000700800000, 0x0000000700c00000, 0x0000000700c00000|100%| O|  |TAMS 0x0000000700c00000| PB 0x0000000700800000| Untracked |  0
|1010|0x0000000700c00000, 0x0000000701000000, 0x0000000701000000|100%| O|  |TAMS 0x0000000701000000| PB 0x0000000700c00000| Untracked |  0
|1011|0x0000000701000000, 0x0000000701400000, 0x0000000701400000|100%| O|  |TAMS 0x0000000701400000| PB 0x0000000701000000| Untracked |  0
|1012|0x0000000701400000, 0x0000000701800000, 0x0000000701800000|100%| O|  |TAMS 0x0000000701800000| PB 0x0000000701400000| Untracked |  0
|1013|0x0000000701800000, 0x0000000701c00000, 0x0000000701c00000|100%| O|  |TAMS 0x0000000701c00000| PB 0x0000000701800000| Untracked |  0
|1014|0x0000000701c00000, 0x0000000702000000, 0x0000000702000000|100%| O|  |TAMS 0x0000000702000000| PB 0x0000000701c00000| Untracked |  0
|1015|0x0000000702000000, 0x0000000702400000, 0x0000000702400000|100%| O|  |TAMS 0x0000000702400000| PB 0x0000000702000000| Untracked |  0
|1016|0x0000000702400000, 0x0000000702800000, 0x0000000702800000|100%| O|  |TAMS 0x0000000702800000| PB 0x0000000702400000| Untracked |  0
|1017|0x0000000702800000, 0x0000000702c00000, 0x0000000702c00000|100%| O|  |TAMS 0x0000000702c00000| PB 0x0000000702800000| Untracked |  0
|1018|0x0000000702c00000, 0x0000000703000000, 0x0000000703000000|100%| O|  |TAMS 0x0000000703000000| PB 0x0000000702c00000| Untracked |  0
|1019|0x0000000703000000, 0x0000000703400000, 0x0000000703400000|100%| O|  |TAMS 0x0000000703400000| PB 0x0000000703000000| Untracked |  0
|1020|0x0000000703400000, 0x0000000703800000, 0x0000000703800000|100%| O|  |TAMS 0x0000000703800000| PB 0x0000000703400000| Untracked |  0
|1021|0x0000000703800000, 0x0000000703c00000, 0x0000000703c00000|100%| O|  |TAMS 0x0000000703c00000| PB 0x0000000703800000| Untracked |  0
|1022|0x0000000703c00000, 0x0000000704000000, 0x0000000704000000|100%| O|  |TAMS 0x0000000704000000| PB 0x0000000703c00000| Untracked |  0
|1023|0x0000000704000000, 0x0000000704400000, 0x0000000704400000|100%| O|  |TAMS 0x0000000704400000| PB 0x0000000704000000| Untracked |  0
|1024|0x0000000704400000, 0x0000000704800000, 0x0000000704800000|100%| O|  |TAMS 0x0000000704800000| PB 0x0000000704400000| Untracked |  0
|1025|0x0000000704800000, 0x0000000704c00000, 0x0000000704c00000|100%| O|  |TAMS 0x0000000704c00000| PB 0x0000000704800000| Untracked |  0
|1026|0x0000000704c00000, 0x0000000705000000, 0x0000000705000000|100%| O|  |TAMS 0x0000000705000000| PB 0x0000000704c00000| Untracked |  0
|1027|0x0000000705000000, 0x0000000705400000, 0x0000000705400000|100%| O|  |TAMS 0x0000000705400000| PB 0x0000000705000000| Untracked |  0
|1028|0x0000000705400000, 0x0000000705800000, 0x0000000705800000|100%| O|  |TAMS 0x0000000705800000| PB 0x0000000705400000| Untracked |  0
|1029|0x0000000705800000, 0x0000000705c00000, 0x0000000705c00000|100%| O|  |TAMS 0x0000000705c00000| PB 0x0000000705800000| Untracked |  0
|1030|0x0000000705c00000, 0x0000000706000000, 0x0000000706000000|100%| O|  |TAMS 0x0000000706000000| PB 0x0000000705c00000| Untracked |  0
|1031|0x0000000706000000, 0x0000000706400000, 0x0000000706400000|100%| O|  |TAMS 0x0000000706400000| PB 0x0000000706000000| Untracked |  0
|1032|0x0000000706400000, 0x0000000706800000, 0x0000000706800000|100%| O|  |TAMS 0x0000000706800000| PB 0x0000000706400000| Untracked |  0
|1033|0x0000000706800000, 0x0000000706c00000, 0x0000000706c00000|100%| O|  |TAMS 0x0000000706c00000| PB 0x0000000706800000| Untracked |  0
|1034|0x0000000706c00000, 0x0000000707000000, 0x0000000707000000|100%| O|  |TAMS 0x0000000707000000| PB 0x0000000706c00000| Untracked |  0
|1035|0x0000000707000000, 0x0000000707400000, 0x0000000707400000|100%| O|  |TAMS 0x0000000707400000| PB 0x0000000707000000| Untracked |  0
|1036|0x0000000707400000, 0x0000000707800000, 0x0000000707800000|100%| O|  |TAMS 0x0000000707800000| PB 0x0000000707400000| Untracked |  0
|1037|0x0000000707800000, 0x0000000707c00000, 0x0000000707c00000|100%| O|  |TAMS 0x0000000707c00000| PB 0x0000000707800000| Untracked |  0
|1038|0x0000000707c00000, 0x0000000708000000, 0x0000000708000000|100%| O|  |TAMS 0x0000000708000000| PB 0x0000000707c00000| Untracked |  0
|1039|0x0000000708000000, 0x0000000708400000, 0x0000000708400000|100%| O|  |TAMS 0x0000000708400000| PB 0x0000000708000000| Untracked |  0
|1040|0x0000000708400000, 0x0000000708800000, 0x0000000708800000|100%| O|  |TAMS 0x0000000708800000| PB 0x0000000708400000| Untracked |  0
|1041|0x0000000708800000, 0x0000000708c00000, 0x0000000708c00000|100%| O|  |TAMS 0x0000000708c00000| PB 0x0000000708800000| Untracked |  0
|1042|0x0000000708c00000, 0x0000000709000000, 0x0000000709000000|100%| O|  |TAMS 0x0000000709000000| PB 0x0000000708c00000| Untracked |  0
|1043|0x0000000709000000, 0x0000000709400000, 0x0000000709400000|100%| O|  |TAMS 0x0000000709400000| PB 0x0000000709000000| Untracked |  0
|1044|0x0000000709400000, 0x0000000709800000, 0x0000000709800000|100%| O|  |TAMS 0x0000000709800000| PB 0x0000000709400000| Untracked |  0
|1045|0x0000000709800000, 0x0000000709c00000, 0x0000000709c00000|100%| O|  |TAMS 0x0000000709c00000| PB 0x0000000709800000| Untracked |  0
|1046|0x0000000709c00000, 0x000000070a000000, 0x000000070a000000|100%| O|  |TAMS 0x000000070a000000| PB 0x0000000709c00000| Untracked |  0
|1047|0x000000070a000000, 0x000000070a400000, 0x000000070a400000|100%| O|  |TAMS 0x000000070a400000| PB 0x000000070a000000| Untracked |  0
|1048|0x000000070a400000, 0x000000070a800000, 0x000000070a800000|100%| O|  |TAMS 0x000000070a800000| PB 0x000000070a400000| Untracked |  0
|1049|0x000000070a800000, 0x000000070ac00000, 0x000000070ac00000|100%| O|  |TAMS 0x000000070ac00000| PB 0x000000070a800000| Untracked |  0
|1050|0x000000070ac00000, 0x000000070b000000, 0x000000070b000000|100%| O|  |TAMS 0x000000070b000000| PB 0x000000070ac00000| Untracked |  0
|1051|0x000000070b000000, 0x000000070b400000, 0x000000070b400000|100%| O|  |TAMS 0x000000070b400000| PB 0x000000070b000000| Untracked |  0
|1052|0x000000070b400000, 0x000000070b800000, 0x000000070b800000|100%| O|  |TAMS 0x000000070b800000| PB 0x000000070b400000| Untracked |  0
|1053|0x000000070b800000, 0x000000070bc00000, 0x000000070bc00000|100%| O|  |TAMS 0x000000070bc00000| PB 0x000000070b800000| Untracked |  0
|1054|0x000000070bc00000, 0x000000070c000000, 0x000000070c000000|100%| O|  |TAMS 0x000000070c000000| PB 0x000000070bc00000| Untracked |  0
|1055|0x000000070c000000, 0x000000070c400000, 0x000000070c400000|100%| O|  |TAMS 0x000000070c400000| PB 0x000000070c000000| Untracked |  0
|1056|0x000000070c400000, 0x000000070c800000, 0x000000070c800000|100%| O|  |TAMS 0x000000070c800000| PB 0x000000070c400000| Untracked |  0
|1057|0x000000070c800000, 0x000000070cc00000, 0x000000070cc00000|100%| O|  |TAMS 0x000000070cc00000| PB 0x000000070c800000| Untracked |  0
|1058|0x000000070cc00000, 0x000000070d000000, 0x000000070d000000|100%| O|  |TAMS 0x000000070d000000| PB 0x000000070cc00000| Untracked |  0
|1059|0x000000070d000000, 0x000000070d400000, 0x000000070d400000|100%| O|  |TAMS 0x000000070d400000| PB 0x000000070d000000| Untracked |  0
|1060|0x000000070d400000, 0x000000070d800000, 0x000000070d800000|100%| O|  |TAMS 0x000000070d800000| PB 0x000000070d400000| Untracked |  0
|1061|0x000000070d800000, 0x000000070dc00000, 0x000000070dc00000|100%| O|  |TAMS 0x000000070dc00000| PB 0x000000070d800000| Untracked |  0
|1062|0x000000070dc00000, 0x000000070e000000, 0x000000070e000000|100%| O|  |TAMS 0x000000070e000000| PB 0x000000070dc00000| Untracked |  0
|1063|0x000000070e000000, 0x000000070e400000, 0x000000070e400000|100%| O|  |TAMS 0x000000070e400000| PB 0x000000070e000000| Untracked |  0
|1064|0x000000070e400000, 0x000000070e800000, 0x000000070e800000|100%| O|  |TAMS 0x000000070e800000| PB 0x000000070e400000| Untracked |  0
|1065|0x000000070e800000, 0x000000070ec00000, 0x000000070ec00000|100%| O|  |TAMS 0x000000070ec00000| PB 0x000000070e800000| Untracked |  0
|1066|0x000000070ec00000, 0x000000070f000000, 0x000000070f000000|100%| O|  |TAMS 0x000000070f000000| PB 0x000000070ec00000| Untracked |  0
|1067|0x000000070f000000, 0x000000070f400000, 0x000000070f400000|100%| O|  |TAMS 0x000000070f400000| PB 0x000000070f000000| Untracked |  0
|1068|0x000000070f400000, 0x000000070f800000, 0x000000070f800000|100%| O|  |TAMS 0x000000070f800000| PB 0x000000070f400000| Untracked |  0
|1069|0x000000070f800000, 0x000000070fc00000, 0x000000070fc00000|100%| O|  |TAMS 0x000000070fc00000| PB 0x000000070f800000| Untracked |  0
|1070|0x000000070fc00000, 0x0000000710000000, 0x0000000710000000|100%| O|  |TAMS 0x0000000710000000| PB 0x000000070fc00000| Untracked |  0
|1071|0x0000000710000000, 0x0000000710400000, 0x0000000710400000|100%| O|  |TAMS 0x0000000710400000| PB 0x0000000710000000| Untracked |  0
|1072|0x0000000710400000, 0x0000000710800000, 0x0000000710800000|100%| O|  |TAMS 0x0000000710800000| PB 0x0000000710400000| Untracked |  0
|1073|0x0000000710800000, 0x0000000710c00000, 0x0000000710c00000|100%| O|  |TAMS 0x0000000710c00000| PB 0x0000000710800000| Untracked |  0
|1074|0x0000000710c00000, 0x0000000711000000, 0x0000000711000000|100%| O|  |TAMS 0x0000000711000000| PB 0x0000000710c00000| Untracked |  0
|1075|0x0000000711000000, 0x0000000711400000, 0x0000000711400000|100%| O|  |TAMS 0x0000000711400000| PB 0x0000000711000000| Untracked |  0
|1076|0x0000000711400000, 0x0000000711800000, 0x0000000711800000|100%| O|  |TAMS 0x0000000711800000| PB 0x0000000711400000| Untracked |  0
|1077|0x0000000711800000, 0x0000000711c00000, 0x0000000711c00000|100%| O|  |TAMS 0x0000000711c00000| PB 0x0000000711800000| Untracked |  0
|1078|0x0000000711c00000, 0x0000000712000000, 0x0000000712000000|100%| O|  |TAMS 0x0000000712000000| PB 0x0000000711c00000| Untracked |  0
|1079|0x0000000712000000, 0x0000000712400000, 0x0000000712400000|100%| O|  |TAMS 0x0000000712400000| PB 0x0000000712000000| Untracked |  0
|1080|0x0000000712400000, 0x0000000712800000, 0x0000000712800000|100%| O|  |TAMS 0x0000000712800000| PB 0x0000000712400000| Untracked |  0
|1081|0x0000000712800000, 0x0000000712c00000, 0x0000000712c00000|100%| O|  |TAMS 0x0000000712c00000| PB 0x0000000712800000| Untracked |  0
|1082|0x0000000712c00000, 0x0000000713000000, 0x0000000713000000|100%| O|  |TAMS 0x0000000713000000| PB 0x0000000712c00000| Untracked |  0
|1083|0x0000000713000000, 0x0000000713400000, 0x0000000713400000|100%| O|  |TAMS 0x0000000713400000| PB 0x0000000713000000| Untracked |  0
|1084|0x0000000713400000, 0x0000000713800000, 0x0000000713800000|100%| O|  |TAMS 0x0000000713800000| PB 0x0000000713400000| Untracked |  0
|1085|0x0000000713800000, 0x0000000713c00000, 0x0000000713c00000|100%| O|  |TAMS 0x0000000713c00000| PB 0x0000000713800000| Untracked |  0
|1086|0x0000000713c00000, 0x0000000714000000, 0x0000000714000000|100%| O|  |TAMS 0x0000000714000000| PB 0x0000000713c00000| Untracked |  0
|1087|0x0000000714000000, 0x0000000714400000, 0x0000000714400000|100%| O|  |TAMS 0x0000000714400000| PB 0x0000000714000000| Untracked |  0
|1088|0x0000000714400000, 0x0000000714800000, 0x0000000714800000|100%| O|  |TAMS 0x0000000714800000| PB 0x0000000714400000| Untracked |  0
|1089|0x0000000714800000, 0x0000000714c00000, 0x0000000714c00000|100%| O|  |TAMS 0x0000000714c00000| PB 0x0000000714800000| Untracked |  0
|1090|0x0000000714c00000, 0x0000000715000000, 0x0000000715000000|100%| O|  |TAMS 0x0000000715000000| PB 0x0000000714c00000| Untracked |  0
|1091|0x0000000715000000, 0x0000000715400000, 0x0000000715400000|100%| O|  |TAMS 0x0000000715400000| PB 0x0000000715000000| Untracked |  0
|1092|0x0000000715400000, 0x0000000715800000, 0x0000000715800000|100%| O|  |TAMS 0x0000000715800000| PB 0x0000000715400000| Untracked |  0
|1093|0x0000000715800000, 0x0000000715c00000, 0x0000000715c00000|100%| O|  |TAMS 0x0000000715c00000| PB 0x0000000715800000| Untracked |  0
|1094|0x0000000715c00000, 0x0000000716000000, 0x0000000716000000|100%| O|  |TAMS 0x0000000716000000| PB 0x0000000715c00000| Untracked |  0
|1095|0x0000000716000000, 0x0000000716400000, 0x0000000716400000|100%| O|  |TAMS 0x0000000716400000| PB 0x0000000716000000| Untracked |  0
|1096|0x0000000716400000, 0x0000000716800000, 0x0000000716800000|100%| O|  |TAMS 0x0000000716800000| PB 0x0000000716400000| Untracked |  0
|1097|0x0000000716800000, 0x0000000716c00000, 0x0000000716c00000|100%| O|  |TAMS 0x0000000716c00000| PB 0x0000000716800000| Untracked |  0
|1098|0x0000000716c00000, 0x0000000717000000, 0x0000000717000000|100%| O|  |TAMS 0x0000000717000000| PB 0x0000000716c00000| Untracked |  0
|1099|0x0000000717000000, 0x0000000717400000, 0x0000000717400000|100%| O|  |TAMS 0x0000000717400000| PB 0x0000000717000000| Untracked |  0
|1100|0x0000000717400000, 0x0000000717800000, 0x0000000717800000|100%| O|  |TAMS 0x0000000717800000| PB 0x0000000717400000| Untracked |  0
|1101|0x0000000717800000, 0x0000000717c00000, 0x0000000717c00000|100%| O|  |TAMS 0x0000000717c00000| PB 0x0000000717800000| Untracked |  0
|1102|0x0000000717c00000, 0x0000000718000000, 0x0000000718000000|100%| O|  |TAMS 0x0000000718000000| PB 0x0000000717c00000| Untracked |  0
|1103|0x0000000718000000, 0x0000000718400000, 0x0000000718400000|100%| O|  |TAMS 0x0000000718400000| PB 0x0000000718000000| Untracked |  0
|1104|0x0000000718400000, 0x0000000718800000, 0x0000000718800000|100%| O|  |TAMS 0x0000000718800000| PB 0x0000000718400000| Untracked |  0
|1105|0x0000000718800000, 0x0000000718c00000, 0x0000000718c00000|100%| O|  |TAMS 0x0000000718c00000| PB 0x0000000718800000| Untracked |  0
|1106|0x0000000718c00000, 0x0000000719000000, 0x0000000719000000|100%| O|  |TAMS 0x0000000719000000| PB 0x0000000718c00000| Untracked |  0
|1107|0x0000000719000000, 0x0000000719400000, 0x0000000719400000|100%| O|  |TAMS 0x0000000719400000| PB 0x0000000719000000| Untracked |  0
|1108|0x0000000719400000, 0x0000000719800000, 0x0000000719800000|100%| O|  |TAMS 0x0000000719800000| PB 0x0000000719400000| Untracked |  0
|1109|0x0000000719800000, 0x0000000719c00000, 0x0000000719c00000|100%| O|  |TAMS 0x0000000719c00000| PB 0x0000000719800000| Untracked |  0
|1110|0x0000000719c00000, 0x000000071a000000, 0x000000071a000000|100%| O|  |TAMS 0x000000071a000000| PB 0x0000000719c00000| Untracked |  0
|1111|0x000000071a000000, 0x000000071a400000, 0x000000071a400000|100%| O|  |TAMS 0x000000071a400000| PB 0x000000071a000000| Untracked |  0
|1112|0x000000071a400000, 0x000000071a800000, 0x000000071a800000|100%| O|  |TAMS 0x000000071a800000| PB 0x000000071a400000| Untracked |  0
|1113|0x000000071a800000, 0x000000071ac00000, 0x000000071ac00000|100%| O|  |TAMS 0x000000071ac00000| PB 0x000000071a800000| Untracked |  0
|1114|0x000000071ac00000, 0x000000071b000000, 0x000000071b000000|100%| O|  |TAMS 0x000000071b000000| PB 0x000000071ac00000| Untracked |  0
|1115|0x000000071b000000, 0x000000071b400000, 0x000000071b400000|100%| O|  |TAMS 0x000000071b400000| PB 0x000000071b000000| Untracked |  0
|1116|0x000000071b400000, 0x000000071b800000, 0x000000071b800000|100%| O|  |TAMS 0x000000071b800000| PB 0x000000071b400000| Untracked |  0
|1117|0x000000071b800000, 0x000000071bc00000, 0x000000071bc00000|100%| O|  |TAMS 0x000000071bc00000| PB 0x000000071b800000| Untracked |  0
|1118|0x000000071bc00000, 0x000000071c000000, 0x000000071c000000|100%| O|  |TAMS 0x000000071c000000| PB 0x000000071bc00000| Untracked |  0
|1119|0x000000071c000000, 0x000000071c400000, 0x000000071c400000|100%| O|  |TAMS 0x000000071c400000| PB 0x000000071c000000| Untracked |  0
|1120|0x000000071c400000, 0x000000071c800000, 0x000000071c800000|100%| O|  |TAMS 0x000000071c800000| PB 0x000000071c400000| Untracked |  0
|1121|0x000000071c800000, 0x000000071cc00000, 0x000000071cc00000|100%| O|  |TAMS 0x000000071cc00000| PB 0x000000071c800000| Untracked |  0
|1122|0x000000071cc00000, 0x000000071d000000, 0x000000071d000000|100%| O|  |TAMS 0x000000071d000000| PB 0x000000071cc00000| Untracked |  0
|1123|0x000000071d000000, 0x000000071d400000, 0x000000071d400000|100%| O|  |TAMS 0x000000071d400000| PB 0x000000071d000000| Untracked |  0
|1124|0x000000071d400000, 0x000000071d800000, 0x000000071d800000|100%| O|  |TAMS 0x000000071d800000| PB 0x000000071d400000| Untracked |  0
|1125|0x000000071d800000, 0x000000071dc00000, 0x000000071dc00000|100%| O|  |TAMS 0x000000071dc00000| PB 0x000000071d800000| Untracked |  0
|1126|0x000000071dc00000, 0x000000071e000000, 0x000000071e000000|100%| O|  |TAMS 0x000000071e000000| PB 0x000000071dc00000| Untracked |  0
|1127|0x000000071e000000, 0x000000071e400000, 0x000000071e400000|100%| O|  |TAMS 0x000000071e400000| PB 0x000000071e000000| Untracked |  0
|1128|0x000000071e400000, 0x000000071e800000, 0x000000071e800000|100%| O|  |TAMS 0x000000071e800000| PB 0x000000071e400000| Untracked |  0
|1129|0x000000071e800000, 0x000000071ec00000, 0x000000071ec00000|100%| O|  |TAMS 0x000000071ec00000| PB 0x000000071e800000| Untracked |  0
|1130|0x000000071ec00000, 0x000000071f000000, 0x000000071f000000|100%| O|  |TAMS 0x000000071f000000| PB 0x000000071ec00000| Untracked |  0
|1131|0x000000071f000000, 0x000000071f400000, 0x000000071f400000|100%| O|  |TAMS 0x000000071f400000| PB 0x000000071f000000| Untracked |  0
|1132|0x000000071f400000, 0x000000071f800000, 0x000000071f800000|100%| O|  |TAMS 0x000000071f800000| PB 0x000000071f400000| Untracked |  0
|1133|0x000000071f800000, 0x000000071fc00000, 0x000000071fc00000|100%| O|  |TAMS 0x000000071fc00000| PB 0x000000071f800000| Untracked |  0
|1134|0x000000071fc00000, 0x0000000720000000, 0x0000000720000000|100%| O|  |TAMS 0x0000000720000000| PB 0x000000071fc00000| Untracked |  0
|1135|0x0000000720000000, 0x0000000720400000, 0x0000000720400000|100%| O|  |TAMS 0x0000000720400000| PB 0x0000000720000000| Untracked |  0
|1136|0x0000000720400000, 0x0000000720800000, 0x0000000720800000|100%| O|  |TAMS 0x0000000720800000| PB 0x0000000720400000| Untracked |  0
|1137|0x0000000720800000, 0x0000000720c00000, 0x0000000720c00000|100%| O|  |TAMS 0x0000000720c00000| PB 0x0000000720800000| Untracked |  0
|1138|0x0000000720c00000, 0x0000000721000000, 0x0000000721000000|100%| O|  |TAMS 0x0000000721000000| PB 0x0000000720c00000| Untracked |  0
|1139|0x0000000721000000, 0x0000000721400000, 0x0000000721400000|100%| O|  |TAMS 0x0000000721400000| PB 0x0000000721000000| Untracked |  0
|1140|0x0000000721400000, 0x0000000721800000, 0x0000000721800000|100%| O|  |TAMS 0x0000000721800000| PB 0x0000000721400000| Untracked |  0
|1141|0x0000000721800000, 0x0000000721c00000, 0x0000000721c00000|100%| O|  |TAMS 0x0000000721c00000| PB 0x0000000721800000| Untracked |  0
|1142|0x0000000721c00000, 0x0000000722000000, 0x0000000722000000|100%| O|  |TAMS 0x0000000722000000| PB 0x0000000721c00000| Untracked |  0
|1143|0x0000000722000000, 0x0000000722400000, 0x0000000722400000|100%| O|  |TAMS 0x0000000722400000| PB 0x0000000722000000| Untracked |  0
|1144|0x0000000722400000, 0x0000000722800000, 0x0000000722800000|100%| O|  |TAMS 0x0000000722800000| PB 0x0000000722400000| Untracked |  0
|1145|0x0000000722800000, 0x0000000722c00000, 0x0000000722c00000|100%| O|  |TAMS 0x0000000722c00000| PB 0x0000000722800000| Untracked |  0
|1146|0x0000000722c00000, 0x0000000723000000, 0x0000000723000000|100%| O|  |TAMS 0x0000000723000000| PB 0x0000000722c00000| Untracked |  0
|1147|0x0000000723000000, 0x0000000723400000, 0x0000000723400000|100%| O|  |TAMS 0x0000000723400000| PB 0x0000000723000000| Untracked |  0
|1148|0x0000000723400000, 0x0000000723800000, 0x0000000723800000|100%| O|  |TAMS 0x0000000723800000| PB 0x0000000723400000| Untracked |  0
|1149|0x0000000723800000, 0x0000000723c00000, 0x0000000723c00000|100%| O|  |TAMS 0x0000000723c00000| PB 0x0000000723800000| Untracked |  0
|1150|0x0000000723c00000, 0x0000000724000000, 0x0000000724000000|100%| O|  |TAMS 0x0000000724000000| PB 0x0000000723c00000| Untracked |  0
|1151|0x0000000724000000, 0x0000000724400000, 0x0000000724400000|100%| O|  |TAMS 0x0000000724400000| PB 0x0000000724000000| Untracked |  0
|1152|0x0000000724400000, 0x0000000724800000, 0x0000000724800000|100%| O|  |TAMS 0x0000000724800000| PB 0x0000000724400000| Untracked |  0
|1153|0x0000000724800000, 0x0000000724c00000, 0x0000000724c00000|100%| O|  |TAMS 0x0000000724c00000| PB 0x0000000724800000| Untracked |  0
|1154|0x0000000724c00000, 0x0000000725000000, 0x0000000725000000|100%| O|  |TAMS 0x0000000725000000| PB 0x0000000724c00000| Untracked |  0
|1155|0x0000000725000000, 0x0000000725400000, 0x0000000725400000|100%| O|  |TAMS 0x0000000725400000| PB 0x0000000725000000| Untracked |  0
|1156|0x0000000725400000, 0x0000000725800000, 0x0000000725800000|100%| O|  |TAMS 0x0000000725800000| PB 0x0000000725400000| Untracked |  0
|1157|0x0000000725800000, 0x0000000725c00000, 0x0000000725c00000|100%| O|  |TAMS 0x0000000725c00000| PB 0x0000000725800000| Untracked |  0
|1158|0x0000000725c00000, 0x0000000726000000, 0x0000000726000000|100%| O|  |TAMS 0x0000000726000000| PB 0x0000000725c00000| Untracked |  0
|1159|0x0000000726000000, 0x0000000726400000, 0x0000000726400000|100%| O|  |TAMS 0x0000000726400000| PB 0x0000000726000000| Untracked |  0
|1160|0x0000000726400000, 0x0000000726800000, 0x0000000726800000|100%| O|  |TAMS 0x0000000726800000| PB 0x0000000726400000| Untracked |  0
|1161|0x0000000726800000, 0x0000000726c00000, 0x0000000726c00000|100%| O|  |TAMS 0x0000000726c00000| PB 0x0000000726800000| Untracked |  0
|1162|0x0000000726c00000, 0x0000000727000000, 0x0000000727000000|100%| O|  |TAMS 0x0000000727000000| PB 0x0000000726c00000| Untracked |  0
|1163|0x0000000727000000, 0x0000000727400000, 0x0000000727400000|100%| O|  |TAMS 0x0000000727400000| PB 0x0000000727000000| Untracked |  0
|1164|0x0000000727400000, 0x0000000727800000, 0x0000000727800000|100%| O|  |TAMS 0x0000000727800000| PB 0x0000000727400000| Untracked |  0
|1165|0x0000000727800000, 0x0000000727c00000, 0x0000000727c00000|100%| O|  |TAMS 0x0000000727c00000| PB 0x0000000727800000| Untracked |  0
|1166|0x0000000727c00000, 0x0000000728000000, 0x0000000728000000|100%| O|  |TAMS 0x0000000728000000| PB 0x0000000727c00000| Untracked |  0
|1167|0x0000000728000000, 0x0000000728400000, 0x0000000728400000|100%| O|  |TAMS 0x0000000728400000| PB 0x0000000728000000| Untracked |  0
|1168|0x0000000728400000, 0x0000000728800000, 0x0000000728800000|100%| O|  |TAMS 0x0000000728800000| PB 0x0000000728400000| Untracked |  0
|1169|0x0000000728800000, 0x0000000728c00000, 0x0000000728c00000|100%| O|  |TAMS 0x0000000728c00000| PB 0x0000000728800000| Untracked |  0
|1170|0x0000000728c00000, 0x0000000729000000, 0x0000000729000000|100%| O|  |TAMS 0x0000000729000000| PB 0x0000000728c00000| Untracked |  0
|1171|0x0000000729000000, 0x0000000729400000, 0x0000000729400000|100%| O|  |TAMS 0x0000000729400000| PB 0x0000000729000000| Untracked |  0
|1172|0x0000000729400000, 0x0000000729800000, 0x0000000729800000|100%| O|  |TAMS 0x0000000729800000| PB 0x0000000729400000| Untracked |  0
|1173|0x0000000729800000, 0x0000000729c00000, 0x0000000729c00000|100%| O|  |TAMS 0x0000000729c00000| PB 0x0000000729800000| Untracked |  0
|1174|0x0000000729c00000, 0x000000072a000000, 0x000000072a000000|100%| O|  |TAMS 0x000000072a000000| PB 0x0000000729c00000| Untracked |  0
|1175|0x000000072a000000, 0x000000072a400000, 0x000000072a400000|100%| O|  |TAMS 0x000000072a400000| PB 0x000000072a000000| Untracked |  0
|1176|0x000000072a400000, 0x000000072a800000, 0x000000072a800000|100%| O|  |TAMS 0x000000072a800000| PB 0x000000072a400000| Untracked |  0
|1177|0x000000072a800000, 0x000000072ac00000, 0x000000072ac00000|100%| O|  |TAMS 0x000000072ac00000| PB 0x000000072a800000| Untracked |  0
|1178|0x000000072ac00000, 0x000000072b000000, 0x000000072b000000|100%| O|  |TAMS 0x000000072b000000| PB 0x000000072ac00000| Untracked |  0
|1179|0x000000072b000000, 0x000000072b400000, 0x000000072b400000|100%| O|  |TAMS 0x000000072b400000| PB 0x000000072b000000| Untracked |  0
|1180|0x000000072b400000, 0x000000072b800000, 0x000000072b800000|100%| O|  |TAMS 0x000000072b800000| PB 0x000000072b400000| Untracked |  0
|1181|0x000000072b800000, 0x000000072bc00000, 0x000000072bc00000|100%| O|  |TAMS 0x000000072bc00000| PB 0x000000072b800000| Untracked |  0
|1182|0x000000072bc00000, 0x000000072c000000, 0x000000072c000000|100%| O|  |TAMS 0x000000072c000000| PB 0x000000072bc00000| Untracked |  0
|1183|0x000000072c000000, 0x000000072c400000, 0x000000072c400000|100%| O|  |TAMS 0x000000072c400000| PB 0x000000072c000000| Untracked |  0
|1184|0x000000072c400000, 0x000000072c800000, 0x000000072c800000|100%| O|  |TAMS 0x000000072c800000| PB 0x000000072c400000| Untracked |  0
|1185|0x000000072c800000, 0x000000072cc00000, 0x000000072cc00000|100%| O|  |TAMS 0x000000072cc00000| PB 0x000000072c800000| Untracked |  0
|1186|0x000000072cc00000, 0x000000072d000000, 0x000000072d000000|100%| O|  |TAMS 0x000000072d000000| PB 0x000000072cc00000| Untracked |  0
|1187|0x000000072d000000, 0x000000072d400000, 0x000000072d400000|100%| O|  |TAMS 0x000000072d400000| PB 0x000000072d000000| Untracked |  0
|1188|0x000000072d400000, 0x000000072d800000, 0x000000072d800000|100%| O|  |TAMS 0x000000072d800000| PB 0x000000072d400000| Untracked |  0
|1189|0x000000072d800000, 0x000000072dc00000, 0x000000072dc00000|100%| O|  |TAMS 0x000000072dc00000| PB 0x000000072d800000| Untracked |  0
|1190|0x000000072dc00000, 0x000000072e000000, 0x000000072e000000|100%| O|  |TAMS 0x000000072de00000| PB 0x000000072dc00000| Untracked |  0
|1191|0x000000072e000000, 0x000000072e400000, 0x000000072e400000|100%| O|  |TAMS 0x000000072e000000| PB 0x000000072e000000| Untracked |  0
|1192|0x000000072e400000, 0x000000072e800000, 0x000000072e800000|100%| O|  |TAMS 0x000000072e400000| PB 0x000000072e400000| Untracked |  0
|1193|0x000000072e800000, 0x000000072ec00000, 0x000000072ec00000|100%| O|  |TAMS 0x000000072e800000| PB 0x000000072e800000| Untracked |  0
|1194|0x000000072ec00000, 0x000000072f000000, 0x000000072f000000|100%| O|  |TAMS 0x000000072ec00000| PB 0x000000072ec00000| Untracked |  0
|1195|0x000000072f000000, 0x000000072f400000, 0x000000072f400000|100%| O|  |TAMS 0x000000072f000000| PB 0x000000072f000000| Untracked |  0
|1196|0x000000072f400000, 0x000000072f800000, 0x000000072f800000|100%| O|  |TAMS 0x000000072f400000| PB 0x000000072f400000| Untracked |  0
|1197|0x000000072f800000, 0x000000072fc00000, 0x000000072fc00000|100%| O|  |TAMS 0x000000072f800000| PB 0x000000072f800000| Untracked |  0
|1198|0x000000072fc00000, 0x0000000730000000, 0x0000000730000000|100%| O|  |TAMS 0x000000072fc00000| PB 0x000000072fc00000| Untracked |  0
|1199|0x0000000730000000, 0x0000000730400000, 0x0000000730400000|100%| O|  |TAMS 0x0000000730000000| PB 0x0000000730000000| Untracked |  0
|1200|0x0000000730400000, 0x0000000730800000, 0x0000000730800000|100%| O|  |TAMS 0x0000000730400000| PB 0x0000000730400000| Untracked |  0
|1201|0x0000000730800000, 0x0000000730c00000, 0x0000000730c00000|100%| O|  |TAMS 0x0000000730800000| PB 0x0000000730800000| Untracked |  0
|1202|0x0000000730c00000, 0x0000000731000000, 0x0000000731000000|100%| O|  |TAMS 0x0000000730c00000| PB 0x0000000730c00000| Untracked |  0
|1203|0x0000000731000000, 0x0000000731400000, 0x0000000731400000|100%| O|  |TAMS 0x0000000731000000| PB 0x0000000731000000| Untracked |  0
|1204|0x0000000731400000, 0x0000000731800000, 0x0000000731800000|100%| O|  |TAMS 0x0000000731400000| PB 0x0000000731400000| Untracked |  0
|1205|0x0000000731800000, 0x0000000731c00000, 0x0000000731c00000|100%| O|  |TAMS 0x0000000731800000| PB 0x0000000731800000| Untracked |  0
|1206|0x0000000731c00000, 0x0000000732000000, 0x0000000732000000|100%| O|  |TAMS 0x0000000731c00000| PB 0x0000000731c00000| Untracked |  0
|1207|0x0000000732000000, 0x0000000732400000, 0x0000000732400000|100%| O|  |TAMS 0x0000000732000000| PB 0x0000000732000000| Untracked |  0
|1208|0x0000000732400000, 0x0000000732800000, 0x0000000732800000|100%| O|  |TAMS 0x0000000732400000| PB 0x0000000732400000| Untracked |  0
|1209|0x0000000732800000, 0x0000000732c00000, 0x0000000732c00000|100%| O|  |TAMS 0x0000000732800000| PB 0x0000000732800000| Untracked |  0
|1210|0x0000000732c00000, 0x0000000733000000, 0x0000000733000000|100%| O|  |TAMS 0x0000000732c00000| PB 0x0000000732c00000| Untracked |  0
|1211|0x0000000733000000, 0x0000000733400000, 0x0000000733400000|100%| O|  |TAMS 0x0000000733000000| PB 0x0000000733000000| Untracked |  0
|1212|0x0000000733400000, 0x0000000733800000, 0x0000000733800000|100%| O|  |TAMS 0x0000000733400000| PB 0x0000000733400000| Untracked |  0
|1213|0x0000000733800000, 0x0000000733c00000, 0x0000000733c00000|100%| O|  |TAMS 0x0000000733800000| PB 0x0000000733800000| Untracked |  0
|1214|0x0000000733c00000, 0x0000000734000000, 0x0000000734000000|100%| O|  |TAMS 0x0000000733c00000| PB 0x0000000733c00000| Untracked |  0
|1215|0x0000000734000000, 0x0000000734400000, 0x0000000734400000|100%| O|  |TAMS 0x0000000734000000| PB 0x0000000734000000| Untracked |  0
|1216|0x0000000734400000, 0x0000000734800000, 0x0000000734800000|100%| O|  |TAMS 0x0000000734400000| PB 0x0000000734400000| Untracked |  0
|1217|0x0000000734800000, 0x0000000734c00000, 0x0000000734c00000|100%| O|  |TAMS 0x0000000734800000| PB 0x0000000734800000| Untracked |  0
|1218|0x0000000734c00000, 0x0000000735000000, 0x0000000735000000|100%| O|  |TAMS 0x0000000734c00000| PB 0x0000000734c00000| Untracked |  0
|1219|0x0000000735000000, 0x0000000735400000, 0x0000000735400000|100%| O|  |TAMS 0x0000000735000000| PB 0x0000000735000000| Untracked |  0
|1220|0x0000000735400000, 0x0000000735800000, 0x0000000735800000|100%| O|  |TAMS 0x0000000735400000| PB 0x0000000735400000| Untracked |  0
|1221|0x0000000735800000, 0x0000000735c00000, 0x0000000735c00000|100%| O|  |TAMS 0x0000000735800000| PB 0x0000000735800000| Untracked |  0
|1222|0x0000000735c00000, 0x0000000736000000, 0x0000000736000000|100%| O|  |TAMS 0x0000000735c00000| PB 0x0000000735c00000| Untracked |  0
|1223|0x0000000736000000, 0x0000000736400000, 0x0000000736400000|100%| O|  |TAMS 0x0000000736000000| PB 0x0000000736000000| Untracked |  0
|1224|0x0000000736400000, 0x0000000736800000, 0x0000000736800000|100%| O|  |TAMS 0x0000000736400000| PB 0x0000000736400000| Untracked |  0
|1225|0x0000000736800000, 0x0000000736c00000, 0x0000000736c00000|100%| O|  |TAMS 0x0000000736800000| PB 0x0000000736800000| Untracked |  0
|1226|0x0000000736c00000, 0x0000000737000000, 0x0000000737000000|100%| O|  |TAMS 0x0000000736c00000| PB 0x0000000736c00000| Untracked |  0
|1227|0x0000000737000000, 0x0000000737400000, 0x0000000737400000|100%| O|  |TAMS 0x0000000737000000| PB 0x0000000737000000| Untracked |  0
|1228|0x0000000737400000, 0x0000000737800000, 0x0000000737800000|100%| O|  |TAMS 0x0000000737400000| PB 0x0000000737400000| Untracked |  0
|1229|0x0000000737800000, 0x0000000737c00000, 0x0000000737c00000|100%| O|  |TAMS 0x0000000737800000| PB 0x0000000737800000| Untracked |  0
|1230|0x0000000737c00000, 0x0000000738000000, 0x0000000738000000|100%| O|  |TAMS 0x0000000737c00000| PB 0x0000000737c00000| Untracked |  0
|1231|0x0000000738000000, 0x0000000738400000, 0x0000000738400000|100%| O|  |TAMS 0x0000000738000000| PB 0x0000000738000000| Untracked |  0
|1232|0x0000000738400000, 0x0000000738800000, 0x0000000738800000|100%| O|  |TAMS 0x0000000738400000| PB 0x0000000738400000| Untracked |  0
|1233|0x0000000738800000, 0x0000000738c00000, 0x0000000738c00000|100%| O|  |TAMS 0x0000000738800000| PB 0x0000000738800000| Untracked |  0
|1234|0x0000000738c00000, 0x0000000739000000, 0x0000000739000000|100%| O|  |TAMS 0x0000000738c00000| PB 0x0000000738c00000| Untracked |  0
|1235|0x0000000739000000, 0x0000000739400000, 0x0000000739400000|100%| O|  |TAMS 0x0000000739000000| PB 0x0000000739000000| Untracked |  0
|1236|0x0000000739400000, 0x0000000739800000, 0x0000000739800000|100%| O|  |TAMS 0x0000000739400000| PB 0x0000000739400000| Untracked |  0
|1237|0x0000000739800000, 0x0000000739c00000, 0x0000000739c00000|100%| O|  |TAMS 0x0000000739800000| PB 0x0000000739800000| Untracked |  0
|1238|0x0000000739c00000, 0x000000073a000000, 0x000000073a000000|100%| O|  |TAMS 0x0000000739c00000| PB 0x0000000739c00000| Untracked |  0
|1239|0x000000073a000000, 0x000000073a400000, 0x000000073a400000|100%| O|  |TAMS 0x000000073a000000| PB 0x000000073a000000| Untracked |  0
|1240|0x000000073a400000, 0x000000073a800000, 0x000000073a800000|100%| O|  |TAMS 0x000000073a400000| PB 0x000000073a400000| Untracked |  0
|1241|0x000000073a800000, 0x000000073ac00000, 0x000000073ac00000|100%| O|  |TAMS 0x000000073a800000| PB 0x000000073a800000| Untracked |  0
|1242|0x000000073ac00000, 0x000000073b000000, 0x000000073b000000|100%| O|  |TAMS 0x000000073ac00000| PB 0x000000073ac00000| Untracked |  0
|1243|0x000000073b000000, 0x000000073b400000, 0x000000073b400000|100%| O|  |TAMS 0x000000073b000000| PB 0x000000073b000000| Untracked |  0
|1244|0x000000073b400000, 0x000000073b800000, 0x000000073b800000|100%| O|  |TAMS 0x000000073b400000| PB 0x000000073b400000| Untracked |  0
|1245|0x000000073b800000, 0x000000073bc00000, 0x000000073bc00000|100%| O|  |TAMS 0x000000073b800000| PB 0x000000073b800000| Untracked |  0
|1246|0x000000073bc00000, 0x000000073c000000, 0x000000073c000000|100%| O|  |TAMS 0x000000073bc00000| PB 0x000000073bc00000| Untracked |  0
|1247|0x000000073c000000, 0x000000073c400000, 0x000000073c400000|100%| O|  |TAMS 0x000000073c000000| PB 0x000000073c000000| Untracked |  0
|1248|0x000000073c400000, 0x000000073c800000, 0x000000073c800000|100%| O|  |TAMS 0x000000073c400000| PB 0x000000073c400000| Untracked |  0
|1249|0x000000073c800000, 0x000000073cc00000, 0x000000073cc00000|100%| O|  |TAMS 0x000000073c800000| PB 0x000000073c800000| Untracked |  0
|1250|0x000000073cc00000, 0x000000073d000000, 0x000000073d000000|100%| O|  |TAMS 0x000000073cc00000| PB 0x000000073cc00000| Untracked |  0
|1251|0x000000073d000000, 0x000000073d400000, 0x000000073d400000|100%| O|  |TAMS 0x000000073d000000| PB 0x000000073d000000| Untracked |  0
|1252|0x000000073d400000, 0x000000073d800000, 0x000000073d800000|100%| O|  |TAMS 0x000000073d400000| PB 0x000000073d400000| Untracked |  0
|1253|0x000000073d800000, 0x000000073dc00000, 0x000000073dc00000|100%| O|  |TAMS 0x000000073d800000| PB 0x000000073d800000| Untracked |  0
|1254|0x000000073dc00000, 0x000000073e000000, 0x000000073e000000|100%| O|  |TAMS 0x000000073dc00000| PB 0x000000073dc00000| Untracked |  0
|1255|0x000000073e000000, 0x000000073e400000, 0x000000073e400000|100%| O|  |TAMS 0x000000073e000000| PB 0x000000073e000000| Untracked |  0
|1256|0x000000073e400000, 0x000000073e800000, 0x000000073e800000|100%| O|  |TAMS 0x000000073e400000| PB 0x000000073e400000| Untracked |  0
|1257|0x000000073e800000, 0x000000073ec00000, 0x000000073ec00000|100%| O|  |TAMS 0x000000073e800000| PB 0x000000073e800000| Untracked |  0
|1258|0x000000073ec00000, 0x000000073f000000, 0x000000073f000000|100%| O|  |TAMS 0x000000073ec00000| PB 0x000000073ec00000| Untracked |  0
|1259|0x000000073f000000, 0x000000073f400000, 0x000000073f400000|100%| O|  |TAMS 0x000000073f000000| PB 0x000000073f000000| Untracked |  0
|1260|0x000000073f400000, 0x000000073f800000, 0x000000073f800000|100%| O|  |TAMS 0x000000073f400000| PB 0x000000073f400000| Untracked |  0
|1261|0x000000073f800000, 0x000000073fc00000, 0x000000073fc00000|100%| O|  |TAMS 0x000000073f800000| PB 0x000000073f800000| Untracked |  0
|1262|0x000000073fc00000, 0x0000000740000000, 0x0000000740000000|100%| O|  |TAMS 0x000000073fc00000| PB 0x000000073fc00000| Untracked |  0
|1263|0x0000000740000000, 0x0000000740400000, 0x0000000740400000|100%| O|  |TAMS 0x0000000740000000| PB 0x0000000740000000| Untracked |  0
|1264|0x0000000740400000, 0x0000000740800000, 0x0000000740800000|100%| O|  |TAMS 0x0000000740400000| PB 0x0000000740400000| Untracked |  0
|1265|0x0000000740800000, 0x0000000740c00000, 0x0000000740c00000|100%| O|  |TAMS 0x0000000740800000| PB 0x0000000740800000| Untracked |  0
|1266|0x0000000740c00000, 0x0000000741000000, 0x0000000741000000|100%| O|  |TAMS 0x0000000740c00000| PB 0x0000000740c00000| Untracked |  0
|1267|0x0000000741000000, 0x0000000741400000, 0x0000000741400000|100%| O|  |TAMS 0x0000000741000000| PB 0x0000000741000000| Untracked |  0
|1268|0x0000000741400000, 0x0000000741800000, 0x0000000741800000|100%| O|  |TAMS 0x0000000741400000| PB 0x0000000741400000| Untracked |  0
|1269|0x0000000741800000, 0x0000000741c00000, 0x0000000741c00000|100%| O|  |TAMS 0x0000000741800000| PB 0x0000000741800000| Untracked |  0
|1270|0x0000000741c00000, 0x0000000742000000, 0x0000000742000000|100%| O|  |TAMS 0x0000000741c00000| PB 0x0000000741c00000| Untracked |  0
|1271|0x0000000742000000, 0x0000000742400000, 0x0000000742400000|100%| O|  |TAMS 0x0000000742000000| PB 0x0000000742000000| Untracked |  0
|1272|0x0000000742400000, 0x0000000742800000, 0x0000000742800000|100%| O|  |TAMS 0x0000000742400000| PB 0x0000000742400000| Untracked |  0
|1273|0x0000000742800000, 0x0000000742c00000, 0x0000000742c00000|100%| O|  |TAMS 0x0000000742800000| PB 0x0000000742800000| Untracked |  0
|1274|0x0000000742c00000, 0x0000000743000000, 0x0000000743000000|100%| O|  |TAMS 0x0000000742c00000| PB 0x0000000742c00000| Untracked |  0
|1275|0x0000000743000000, 0x0000000743400000, 0x0000000743400000|100%| O|  |TAMS 0x0000000743000000| PB 0x0000000743000000| Untracked |  0
|1276|0x0000000743400000, 0x0000000743800000, 0x0000000743800000|100%| O|  |TAMS 0x0000000743400000| PB 0x0000000743400000| Untracked |  0
|1277|0x0000000743800000, 0x0000000743c00000, 0x0000000743c00000|100%| O|  |TAMS 0x0000000743800000| PB 0x0000000743800000| Untracked |  0
|1278|0x0000000743c00000, 0x0000000744000000, 0x0000000744000000|100%| O|  |TAMS 0x0000000743c00000| PB 0x0000000743c00000| Untracked |  0
|1279|0x0000000744000000, 0x0000000744400000, 0x0000000744400000|100%| O|  |TAMS 0x0000000744000000| PB 0x0000000744000000| Untracked |  0
|1280|0x0000000744400000, 0x0000000744800000, 0x0000000744800000|100%| O|  |TAMS 0x0000000744400000| PB 0x0000000744400000| Untracked |  0
|1281|0x0000000744800000, 0x0000000744c00000, 0x0000000744c00000|100%| O|  |TAMS 0x0000000744800000| PB 0x0000000744800000| Untracked |  0
|1282|0x0000000744c00000, 0x0000000745000000, 0x0000000745000000|100%| O|  |TAMS 0x0000000744c00000| PB 0x0000000744c00000| Untracked |  0
|1283|0x0000000745000000, 0x0000000745400000, 0x0000000745400000|100%| O|  |TAMS 0x0000000745000000| PB 0x0000000745000000| Untracked |  0
|1284|0x0000000745400000, 0x0000000745800000, 0x0000000745800000|100%| O|  |TAMS 0x0000000745400000| PB 0x0000000745400000| Untracked |  0
|1285|0x0000000745800000, 0x0000000745c00000, 0x0000000745c00000|100%| O|  |TAMS 0x0000000745800000| PB 0x0000000745800000| Untracked |  0
|1286|0x0000000745c00000, 0x0000000745c00000, 0x0000000746000000|  0%| F|  |TAMS 0x0000000745c00000| PB 0x0000000745c00000| Untracked |  0
|1287|0x0000000746000000, 0x0000000746000000, 0x0000000746400000|  0%| F|  |TAMS 0x0000000746000000| PB 0x0000000746000000| Untracked |  0
|1288|0x0000000746400000, 0x0000000746400000, 0x0000000746800000|  0%| F|  |TAMS 0x0000000746400000| PB 0x0000000746400000| Untracked |  0
|1289|0x0000000746800000, 0x0000000746800000, 0x0000000746c00000|  0%| F|  |TAMS 0x0000000746800000| PB 0x0000000746800000| Untracked |  0
|1290|0x0000000746c00000, 0x0000000746c00000, 0x0000000747000000|  0%| F|  |TAMS 0x0000000746c00000| PB 0x0000000746c00000| Untracked |  0
|1291|0x0000000747000000, 0x0000000747000000, 0x0000000747400000|  0%| F|  |TAMS 0x0000000747000000| PB 0x0000000747000000| Untracked |  0
|1292|0x0000000747400000, 0x0000000747400000, 0x0000000747800000|  0%| F|  |TAMS 0x0000000747400000| PB 0x0000000747400000| Untracked |  0
|1293|0x0000000747800000, 0x0000000747800000, 0x0000000747c00000|  0%| F|  |TAMS 0x0000000747800000| PB 0x0000000747800000| Untracked |  0
|1294|0x0000000747c00000, 0x0000000747c00000, 0x0000000748000000|  0%| F|  |TAMS 0x0000000747c00000| PB 0x0000000747c00000| Untracked |  0
|1295|0x0000000748000000, 0x0000000748000000, 0x0000000748400000|  0%| F|  |TAMS 0x0000000748000000| PB 0x0000000748000000| Untracked |  0
|1296|0x0000000748400000, 0x0000000748400000, 0x0000000748800000|  0%| F|  |TAMS 0x0000000748400000| PB 0x0000000748400000| Untracked |  0
|1297|0x0000000748800000, 0x0000000748800000, 0x0000000748c00000|  0%| F|  |TAMS 0x0000000748800000| PB 0x0000000748800000| Untracked |  0
|1298|0x0000000748c00000, 0x0000000748c00000, 0x0000000749000000|  0%| F|  |TAMS 0x0000000748c00000| PB 0x0000000748c00000| Untracked |  0
|1299|0x0000000749000000, 0x0000000749000000, 0x0000000749400000|  0%| F|  |TAMS 0x0000000749000000| PB 0x0000000749000000| Untracked |  0
|1300|0x0000000749400000, 0x0000000749400000, 0x0000000749800000|  0%| F|  |TAMS 0x0000000749400000| PB 0x0000000749400000| Untracked |  0
|1301|0x0000000749800000, 0x0000000749800000, 0x0000000749c00000|  0%| F|  |TAMS 0x0000000749800000| PB 0x0000000749800000| Untracked |  0
|1302|0x0000000749c00000, 0x0000000749c00000, 0x000000074a000000|  0%| F|  |TAMS 0x0000000749c00000| PB 0x0000000749c00000| Untracked |  0
|1303|0x000000074a000000, 0x000000074a000000, 0x000000074a400000|  0%| F|  |TAMS 0x000000074a000000| PB 0x000000074a000000| Untracked |  0
|1304|0x000000074a400000, 0x000000074a400000, 0x000000074a800000|  0%| F|  |TAMS 0x000000074a400000| PB 0x000000074a400000| Untracked |  0
|1305|0x000000074a800000, 0x000000074a800000, 0x000000074ac00000|  0%| F|  |TAMS 0x000000074a800000| PB 0x000000074a800000| Untracked |  0
|1306|0x000000074ac00000, 0x000000074ac00000, 0x000000074b000000|  0%| F|  |TAMS 0x000000074ac00000| PB 0x000000074ac00000| Untracked |  0
|1307|0x000000074b000000, 0x000000074b000000, 0x000000074b400000|  0%| F|  |TAMS 0x000000074b000000| PB 0x000000074b000000| Untracked |  0
|1308|0x000000074b400000, 0x000000074b400000, 0x000000074b800000|  0%| F|  |TAMS 0x000000074b400000| PB 0x000000074b400000| Untracked |  0
|1309|0x000000074b800000, 0x000000074b800000, 0x000000074bc00000|  0%| F|  |TAMS 0x000000074b800000| PB 0x000000074b800000| Untracked |  0
|1310|0x000000074bc00000, 0x000000074bc00000, 0x000000074c000000|  0%| F|  |TAMS 0x000000074bc00000| PB 0x000000074bc00000| Untracked |  0
|1311|0x000000074c000000, 0x000000074c000000, 0x000000074c400000|  0%| F|  |TAMS 0x000000074c000000| PB 0x000000074c000000| Untracked |  0
|1312|0x000000074c400000, 0x000000074c400000, 0x000000074c800000|  0%| F|  |TAMS 0x000000074c400000| PB 0x000000074c400000| Untracked |  0
|1313|0x000000074c800000, 0x000000074c800000, 0x000000074cc00000|  0%| F|  |TAMS 0x000000074c800000| PB 0x000000074c800000| Untracked |  0
|1314|0x000000074cc00000, 0x000000074cc00000, 0x000000074d000000|  0%| F|  |TAMS 0x000000074cc00000| PB 0x000000074cc00000| Untracked |  0
|1315|0x000000074d000000, 0x000000074d000000, 0x000000074d400000|  0%| F|  |TAMS 0x000000074d000000| PB 0x000000074d000000| Untracked |  0
|1316|0x000000074d400000, 0x000000074d400000, 0x000000074d800000|  0%| F|  |TAMS 0x000000074d400000| PB 0x000000074d400000| Untracked |  0
|1317|0x000000074d800000, 0x000000074d800000, 0x000000074dc00000|  0%| F|  |TAMS 0x000000074d800000| PB 0x000000074d800000| Untracked |  0
|1318|0x000000074dc00000, 0x000000074dc00000, 0x000000074e000000|  0%| F|  |TAMS 0x000000074dc00000| PB 0x000000074dc00000| Untracked |  0
|1319|0x000000074e000000, 0x000000074e000000, 0x000000074e400000|  0%| F|  |TAMS 0x000000074e000000| PB 0x000000074e000000| Untracked |  0
|1320|0x000000074e400000, 0x000000074e400000, 0x000000074e800000|  0%| F|  |TAMS 0x000000074e400000| PB 0x000000074e400000| Untracked |  0
|1321|0x000000074e800000, 0x000000074e800000, 0x000000074ec00000|  0%| F|  |TAMS 0x000000074e800000| PB 0x000000074e800000| Untracked |  0
|1322|0x000000074ec00000, 0x000000074ec00000, 0x000000074f000000|  0%| F|  |TAMS 0x000000074ec00000| PB 0x000000074ec00000| Untracked |  0
|1323|0x000000074f000000, 0x000000074f000000, 0x000000074f400000|  0%| F|  |TAMS 0x000000074f000000| PB 0x000000074f000000| Untracked |  0
|1324|0x000000074f400000, 0x000000074f400000, 0x000000074f800000|  0%| F|  |TAMS 0x000000074f400000| PB 0x000000074f400000| Untracked |  0
|1325|0x000000074f800000, 0x000000074f800000, 0x000000074fc00000|  0%| F|  |TAMS 0x000000074f800000| PB 0x000000074f800000| Untracked |  0
|1326|0x000000074fc00000, 0x000000074fc00000, 0x0000000750000000|  0%| F|  |TAMS 0x000000074fc00000| PB 0x000000074fc00000| Untracked |  0
|1327|0x0000000750000000, 0x0000000750000000, 0x0000000750400000|  0%| F|  |TAMS 0x0000000750000000| PB 0x0000000750000000| Untracked |  0
|1328|0x0000000750400000, 0x0000000750400000, 0x0000000750800000|  0%| F|  |TAMS 0x0000000750400000| PB 0x0000000750400000| Untracked |  0
|1329|0x0000000750800000, 0x0000000750800000, 0x0000000750c00000|  0%| F|  |TAMS 0x0000000750800000| PB 0x0000000750800000| Untracked |  0
|1330|0x0000000750c00000, 0x0000000750c00000, 0x0000000751000000|  0%| F|  |TAMS 0x0000000750c00000| PB 0x0000000750c00000| Untracked |  0
|1331|0x0000000751000000, 0x0000000751000000, 0x0000000751400000|  0%| F|  |TAMS 0x0000000751000000| PB 0x0000000751000000| Untracked |  0
|1332|0x0000000751400000, 0x0000000751400000, 0x0000000751800000|  0%| F|  |TAMS 0x0000000751400000| PB 0x0000000751400000| Untracked |  0
|1333|0x0000000751800000, 0x0000000751800000, 0x0000000751c00000|  0%| F|  |TAMS 0x0000000751800000| PB 0x0000000751800000| Untracked |  0
|1334|0x0000000751c00000, 0x0000000751c00000, 0x0000000752000000|  0%| F|  |TAMS 0x0000000751c00000| PB 0x0000000751c00000| Untracked |  0
|1335|0x0000000752000000, 0x0000000752000000, 0x0000000752400000|  0%| F|  |TAMS 0x0000000752000000| PB 0x0000000752000000| Untracked |  0
|1336|0x0000000752400000, 0x0000000752400000, 0x0000000752800000|  0%| F|  |TAMS 0x0000000752400000| PB 0x0000000752400000| Untracked |  0
|1337|0x0000000752800000, 0x0000000752800000, 0x0000000752c00000|  0%| F|  |TAMS 0x0000000752800000| PB 0x0000000752800000| Untracked |  0
|1338|0x0000000752c00000, 0x0000000753000000, 0x0000000753000000|100%| S|CS|TAMS 0x0000000752c00000| PB 0x0000000752c00000| Complete |  0
|1339|0x0000000753000000, 0x0000000753400000, 0x0000000753400000|100%| S|CS|TAMS 0x0000000753000000| PB 0x0000000753000000| Complete |  0
|1340|0x0000000753400000, 0x0000000753800000, 0x0000000753800000|100%| S|CS|TAMS 0x0000000753400000| PB 0x0000000753400000| Complete |  0
|1341|0x0000000753800000, 0x0000000753c00000, 0x0000000753c00000|100%| S|CS|TAMS 0x0000000753800000| PB 0x0000000753800000| Complete |  0
|1342|0x0000000753c00000, 0x0000000754000000, 0x0000000754000000|100%| S|CS|TAMS 0x0000000753c00000| PB 0x0000000753c00000| Complete |  0
|1343|0x0000000754000000, 0x0000000754400000, 0x0000000754400000|100%| S|CS|TAMS 0x0000000754000000| PB 0x0000000754000000| Complete |  0
|1344|0x0000000754400000, 0x0000000754800000, 0x0000000754800000|100%| S|CS|TAMS 0x0000000754400000| PB 0x0000000754400000| Complete |  0
|1345|0x0000000754800000, 0x0000000754c00000, 0x0000000754c00000|100%| S|CS|TAMS 0x0000000754800000| PB 0x0000000754800000| Complete |  0
|1346|0x0000000754c00000, 0x0000000755000000, 0x0000000755000000|100%| S|CS|TAMS 0x0000000754c00000| PB 0x0000000754c00000| Complete |  0
|1347|0x0000000755000000, 0x0000000755400000, 0x0000000755400000|100%| S|CS|TAMS 0x0000000755000000| PB 0x0000000755000000| Complete |  0
|1348|0x0000000755400000, 0x0000000755800000, 0x0000000755800000|100%| S|CS|TAMS 0x0000000755400000| PB 0x0000000755400000| Complete |  0
|1349|0x0000000755800000, 0x0000000755800000, 0x0000000755c00000|  0%| F|  |TAMS 0x0000000755800000| PB 0x0000000755800000| Untracked |  0
|1350|0x0000000755c00000, 0x0000000755c00000, 0x0000000756000000|  0%| F|  |TAMS 0x0000000755c00000| PB 0x0000000755c00000| Untracked |  0
|1351|0x0000000756000000, 0x0000000756000000, 0x0000000756400000|  0%| F|  |TAMS 0x0000000756000000| PB 0x0000000756000000| Untracked |  0
|1352|0x0000000756400000, 0x0000000756400000, 0x0000000756800000|  0%| F|  |TAMS 0x0000000756400000| PB 0x0000000756400000| Untracked |  0
|1353|0x0000000756800000, 0x0000000756800000, 0x0000000756c00000|  0%| F|  |TAMS 0x0000000756800000| PB 0x0000000756800000| Untracked |  0
|1354|0x0000000756c00000, 0x0000000756c00000, 0x0000000757000000|  0%| F|  |TAMS 0x0000000756c00000| PB 0x0000000756c00000| Untracked |  0
|1355|0x0000000757000000, 0x0000000757000000, 0x0000000757400000|  0%| F|  |TAMS 0x0000000757000000| PB 0x0000000757000000| Untracked |  0
|1356|0x0000000757400000, 0x0000000757400000, 0x0000000757800000|  0%| F|  |TAMS 0x0000000757400000| PB 0x0000000757400000| Untracked |  0
|1357|0x0000000757800000, 0x0000000757800000, 0x0000000757c00000|  0%| F|  |TAMS 0x0000000757800000| PB 0x0000000757800000| Untracked |  0
|1358|0x0000000757c00000, 0x0000000757c00000, 0x0000000758000000|  0%| F|  |TAMS 0x0000000757c00000| PB 0x0000000757c00000| Untracked |  0
|1359|0x0000000758000000, 0x0000000758000000, 0x0000000758400000|  0%| F|  |TAMS 0x0000000758000000| PB 0x0000000758000000| Untracked |  0
|1360|0x0000000758400000, 0x0000000758400000, 0x0000000758800000|  0%| F|  |TAMS 0x0000000758400000| PB 0x0000000758400000| Untracked |  0
|1361|0x0000000758800000, 0x0000000758800000, 0x0000000758c00000|  0%| F|  |TAMS 0x0000000758800000| PB 0x0000000758800000| Untracked |  0
|1362|0x0000000758c00000, 0x0000000758c00000, 0x0000000759000000|  0%| F|  |TAMS 0x0000000758c00000| PB 0x0000000758c00000| Untracked |  0
|1363|0x0000000759000000, 0x0000000759000000, 0x0000000759400000|  0%| F|  |TAMS 0x0000000759000000| PB 0x0000000759000000| Untracked |  0
|1364|0x0000000759400000, 0x0000000759400000, 0x0000000759800000|  0%| F|  |TAMS 0x0000000759400000| PB 0x0000000759400000| Untracked |  0
|1365|0x0000000759800000, 0x0000000759800000, 0x0000000759c00000|  0%| F|  |TAMS 0x0000000759800000| PB 0x0000000759800000| Untracked |  0
|1366|0x0000000759c00000, 0x0000000759c00000, 0x000000075a000000|  0%| F|  |TAMS 0x0000000759c00000| PB 0x0000000759c00000| Untracked |  0
|1367|0x000000075a000000, 0x000000075a000000, 0x000000075a400000|  0%| F|  |TAMS 0x000000075a000000| PB 0x000000075a000000| Untracked |  0
|1368|0x000000075a400000, 0x000000075a400000, 0x000000075a800000|  0%| F|  |TAMS 0x000000075a400000| PB 0x000000075a400000| Untracked |  0
|1369|0x000000075a800000, 0x000000075a800000, 0x000000075ac00000|  0%| F|  |TAMS 0x000000075a800000| PB 0x000000075a800000| Untracked |  0
|1370|0x000000075ac00000, 0x000000075ac00000, 0x000000075b000000|  0%| F|  |TAMS 0x000000075ac00000| PB 0x000000075ac00000| Untracked |  0
|1371|0x000000075b000000, 0x000000075b000000, 0x000000075b400000|  0%| F|  |TAMS 0x000000075b000000| PB 0x000000075b000000| Untracked |  0
|1372|0x000000075b400000, 0x000000075b400000, 0x000000075b800000|  0%| F|  |TAMS 0x000000075b400000| PB 0x000000075b400000| Untracked |  0
|1373|0x000000075b800000, 0x000000075b800000, 0x000000075bc00000|  0%| F|  |TAMS 0x000000075b800000| PB 0x000000075b800000| Untracked |  0
|1374|0x000000075bc00000, 0x000000075bc00000, 0x000000075c000000|  0%| F|  |TAMS 0x000000075bc00000| PB 0x000000075bc00000| Untracked |  0
|1375|0x000000075c000000, 0x000000075c000000, 0x000000075c400000|  0%| F|  |TAMS 0x000000075c000000| PB 0x000000075c000000| Untracked |  0
|1376|0x000000075c400000, 0x000000075c400000, 0x000000075c800000|  0%| F|  |TAMS 0x000000075c400000| PB 0x000000075c400000| Untracked |  0
|1377|0x000000075c800000, 0x000000075c800000, 0x000000075cc00000|  0%| F|  |TAMS 0x000000075c800000| PB 0x000000075c800000| Untracked |  0
|1378|0x000000075cc00000, 0x000000075cc00000, 0x000000075d000000|  0%| F|  |TAMS 0x000000075cc00000| PB 0x000000075cc00000| Untracked |  0
|1379|0x000000075d000000, 0x000000075d000000, 0x000000075d400000|  0%| F|  |TAMS 0x000000075d000000| PB 0x000000075d000000| Untracked |  0
|1380|0x000000075d400000, 0x000000075d400000, 0x000000075d800000|  0%| F|  |TAMS 0x000000075d400000| PB 0x000000075d400000| Untracked |  0
|1381|0x000000075d800000, 0x000000075d800000, 0x000000075dc00000|  0%| F|  |TAMS 0x000000075d800000| PB 0x000000075d800000| Untracked |  0
|1382|0x000000075dc00000, 0x000000075dc00000, 0x000000075e000000|  0%| F|  |TAMS 0x000000075dc00000| PB 0x000000075dc00000| Untracked |  0
|1383|0x000000075e000000, 0x000000075e000000, 0x000000075e400000|  0%| F|  |TAMS 0x000000075e000000| PB 0x000000075e000000| Untracked |  0
|1384|0x000000075e400000, 0x000000075e400000, 0x000000075e800000|  0%| F|  |TAMS 0x000000075e400000| PB 0x000000075e400000| Untracked |  0
|1385|0x000000075e800000, 0x000000075e800000, 0x000000075ec00000|  0%| F|  |TAMS 0x000000075e800000| PB 0x000000075e800000| Untracked |  0
|1386|0x000000075ec00000, 0x000000075ec00000, 0x000000075f000000|  0%| F|  |TAMS 0x000000075ec00000| PB 0x000000075ec00000| Untracked |  0
|1387|0x000000075f000000, 0x000000075f000000, 0x000000075f400000|  0%| F|  |TAMS 0x000000075f000000| PB 0x000000075f000000| Untracked |  0
|1388|0x000000075f400000, 0x000000075f400000, 0x000000075f800000|  0%| F|  |TAMS 0x000000075f400000| PB 0x000000075f400000| Untracked |  0
|1389|0x000000075f800000, 0x000000075f800000, 0x000000075fc00000|  0%| F|  |TAMS 0x000000075f800000| PB 0x000000075f800000| Untracked |  0
|1390|0x000000075fc00000, 0x000000075fc00000, 0x0000000760000000|  0%| F|  |TAMS 0x000000075fc00000| PB 0x000000075fc00000| Untracked |  0
|1391|0x0000000760000000, 0x0000000760000000, 0x0000000760400000|  0%| F|  |TAMS 0x0000000760000000| PB 0x0000000760000000| Untracked |  0
|1392|0x0000000760400000, 0x0000000760400000, 0x0000000760800000|  0%| F|  |TAMS 0x0000000760400000| PB 0x0000000760400000| Untracked |  0
|1393|0x0000000760800000, 0x0000000760800000, 0x0000000760c00000|  0%| F|  |TAMS 0x0000000760800000| PB 0x0000000760800000| Untracked |  0
|1394|0x0000000760c00000, 0x0000000760c00000, 0x0000000761000000|  0%| F|  |TAMS 0x0000000760c00000| PB 0x0000000760c00000| Untracked |  0
|1395|0x0000000761000000, 0x0000000761000000, 0x0000000761400000|  0%| F|  |TAMS 0x0000000761000000| PB 0x0000000761000000| Untracked |  0
|1396|0x0000000761400000, 0x0000000761400000, 0x0000000761800000|  0%| F|  |TAMS 0x0000000761400000| PB 0x0000000761400000| Untracked |  0
|1397|0x0000000761800000, 0x0000000761800000, 0x0000000761c00000|  0%| F|  |TAMS 0x0000000761800000| PB 0x0000000761800000| Untracked |  0
|1398|0x0000000761c00000, 0x0000000761c00000, 0x0000000762000000|  0%| F|  |TAMS 0x0000000761c00000| PB 0x0000000761c00000| Untracked |  0
|1399|0x0000000762000000, 0x0000000762000000, 0x0000000762400000|  0%| F|  |TAMS 0x0000000762000000| PB 0x0000000762000000| Untracked |  0
|1400|0x0000000762400000, 0x0000000762400000, 0x0000000762800000|  0%| F|  |TAMS 0x0000000762400000| PB 0x0000000762400000| Untracked |  0
|1401|0x0000000762800000, 0x0000000762800000, 0x0000000762c00000|  0%| F|  |TAMS 0x0000000762800000| PB 0x0000000762800000| Untracked |  0
|1402|0x0000000762c00000, 0x0000000762c00000, 0x0000000763000000|  0%| F|  |TAMS 0x0000000762c00000| PB 0x0000000762c00000| Untracked |  0
|1403|0x0000000763000000, 0x0000000763000000, 0x0000000763400000|  0%| F|  |TAMS 0x0000000763000000| PB 0x0000000763000000| Untracked |  0
|1404|0x0000000763400000, 0x0000000763400000, 0x0000000763800000|  0%| F|  |TAMS 0x0000000763400000| PB 0x0000000763400000| Untracked |  0
|1405|0x0000000763800000, 0x0000000763800000, 0x0000000763c00000|  0%| F|  |TAMS 0x0000000763800000| PB 0x0000000763800000| Untracked |  0
|1406|0x0000000763c00000, 0x0000000763c00000, 0x0000000764000000|  0%| F|  |TAMS 0x0000000763c00000| PB 0x0000000763c00000| Untracked |  0
|1407|0x0000000764000000, 0x0000000764000000, 0x0000000764400000|  0%| F|  |TAMS 0x0000000764000000| PB 0x0000000764000000| Untracked |  0
|1408|0x0000000764400000, 0x0000000764400000, 0x0000000764800000|  0%| F|  |TAMS 0x0000000764400000| PB 0x0000000764400000| Untracked |  0
|1409|0x0000000764800000, 0x0000000764800000, 0x0000000764c00000|  0%| F|  |TAMS 0x0000000764800000| PB 0x0000000764800000| Untracked |  0
|1914|0x00000007e2c00000, 0x00000007e3000000, 0x00000007e3000000|100%| O|  |TAMS 0x00000007e3000000| PB 0x00000007e2c00000| Untracked |  0
|1915|0x00000007e3000000, 0x00000007e3400000, 0x00000007e3400000|100%| O|  |TAMS 0x00000007e3400000| PB 0x00000007e3000000| Untracked |  0
|1916|0x00000007e3400000, 0x00000007e3800000, 0x00000007e3800000|100%| O|  |TAMS 0x00000007e3800000| PB 0x00000007e3400000| Untracked |  0
|1917|0x00000007e3800000, 0x00000007e3c00000, 0x00000007e3c00000|100%| O|  |TAMS 0x00000007e3c00000| PB 0x00000007e3800000| Untracked |  0
|1918|0x00000007e3c00000, 0x00000007e4000000, 0x00000007e4000000|100%| O|  |TAMS 0x00000007e4000000| PB 0x00000007e3c00000| Untracked |  0
|1919|0x00000007e4000000, 0x00000007e4400000, 0x00000007e4400000|100%| O|  |TAMS 0x00000007e4400000| PB 0x00000007e4000000| Untracked |  0
|1920|0x00000007e4400000, 0x00000007e4800000, 0x00000007e4800000|100%| O|  |TAMS 0x00000007e4800000| PB 0x00000007e4400000| Untracked |  0
|1921|0x00000007e4800000, 0x00000007e4c00000, 0x00000007e4c00000|100%| O|  |TAMS 0x00000007e4c00000| PB 0x00000007e4800000| Untracked |  0
|1922|0x00000007e4c00000, 0x00000007e5000000, 0x00000007e5000000|100%| O|  |TAMS 0x00000007e5000000| PB 0x00000007e4c00000| Untracked |  0
|1923|0x00000007e5000000, 0x00000007e5400000, 0x00000007e5400000|100%| O|  |TAMS 0x00000007e5400000| PB 0x00000007e5000000| Untracked |  0
|1924|0x00000007e5400000, 0x00000007e5800000, 0x00000007e5800000|100%| O|  |TAMS 0x00000007e5800000| PB 0x00000007e5400000| Untracked |  0
|1925|0x00000007e5800000, 0x00000007e5c00000, 0x00000007e5c00000|100%| O|  |TAMS 0x00000007e5c00000| PB 0x00000007e5800000| Untracked |  0
|1926|0x00000007e5c00000, 0x00000007e6000000, 0x00000007e6000000|100%| O|  |TAMS 0x00000007e6000000| PB 0x00000007e5c00000| Untracked |  0
|1927|0x00000007e6000000, 0x00000007e6400000, 0x00000007e6400000|100%| O|  |TAMS 0x00000007e6400000| PB 0x00000007e6000000| Untracked |  0
|1928|0x00000007e6400000, 0x00000007e6800000, 0x00000007e6800000|100%| O|  |TAMS 0x00000007e6800000| PB 0x00000007e6400000| Untracked |  0
|1929|0x00000007e6800000, 0x00000007e6c00000, 0x00000007e6c00000|100%| O|  |TAMS 0x00000007e6c00000| PB 0x00000007e6800000| Untracked |  0
|1930|0x00000007e6c00000, 0x00000007e7000000, 0x00000007e7000000|100%| O|  |TAMS 0x00000007e7000000| PB 0x00000007e6c00000| Untracked |  0
|1931|0x00000007e7000000, 0x00000007e7400000, 0x00000007e7400000|100%| O|  |TAMS 0x00000007e7400000| PB 0x00000007e7000000| Untracked |  0
|1932|0x00000007e7400000, 0x00000007e7800000, 0x00000007e7800000|100%| O|  |TAMS 0x00000007e7800000| PB 0x00000007e7400000| Untracked |  0
|1933|0x00000007e7800000, 0x00000007e7c00000, 0x00000007e7c00000|100%| O|  |TAMS 0x00000007e7c00000| PB 0x00000007e7800000| Untracked |  0
|1934|0x00000007e7c00000, 0x00000007e8000000, 0x00000007e8000000|100%| O|  |TAMS 0x00000007e8000000| PB 0x00000007e7c00000| Untracked |  0
|1935|0x00000007e8000000, 0x00000007e8400000, 0x00000007e8400000|100%| O|  |TAMS 0x00000007e8400000| PB 0x00000007e8000000| Untracked |  0
|1936|0x00000007e8400000, 0x00000007e8800000, 0x00000007e8800000|100%| O|  |TAMS 0x00000007e8800000| PB 0x00000007e8400000| Untracked |  0
|1937|0x00000007e8800000, 0x00000007e8c00000, 0x00000007e8c00000|100%| O|  |TAMS 0x00000007e8c00000| PB 0x00000007e8800000| Untracked |  0
|1938|0x00000007e8c00000, 0x00000007e9000000, 0x00000007e9000000|100%| O|  |TAMS 0x00000007e9000000| PB 0x00000007e8c00000| Untracked |  0
|1939|0x00000007e9000000, 0x00000007e9400000, 0x00000007e9400000|100%| O|  |TAMS 0x00000007e9400000| PB 0x00000007e9000000| Untracked |  0
|1940|0x00000007e9400000, 0x00000007e9800000, 0x00000007e9800000|100%| O|  |TAMS 0x00000007e9800000| PB 0x00000007e9400000| Untracked |  0
|1941|0x00000007e9800000, 0x00000007e9c00000, 0x00000007e9c00000|100%| O|  |TAMS 0x00000007e9c00000| PB 0x00000007e9800000| Untracked |  0
|1942|0x00000007e9c00000, 0x00000007ea000000, 0x00000007ea000000|100%| O|  |TAMS 0x00000007ea000000| PB 0x00000007e9c00000| Untracked |  0
|1943|0x00000007ea000000, 0x00000007ea400000, 0x00000007ea400000|100%| O|  |TAMS 0x00000007ea400000| PB 0x00000007ea000000| Untracked |  0
|1944|0x00000007ea400000, 0x00000007ea800000, 0x00000007ea800000|100%| O|  |TAMS 0x00000007ea800000| PB 0x00000007ea400000| Untracked |  0
|1945|0x00000007ea800000, 0x00000007eac00000, 0x00000007eac00000|100%| O|  |TAMS 0x00000007eac00000| PB 0x00000007ea800000| Untracked |  0
|1946|0x00000007eac00000, 0x00000007eb000000, 0x00000007eb000000|100%| O|  |TAMS 0x00000007eb000000| PB 0x00000007eac00000| Untracked |  0
|1947|0x00000007eb000000, 0x00000007eb400000, 0x00000007eb400000|100%| O|  |TAMS 0x00000007eb400000| PB 0x00000007eb000000| Untracked |  0
|1948|0x00000007eb400000, 0x00000007eb800000, 0x00000007eb800000|100%| O|  |TAMS 0x00000007eb800000| PB 0x00000007eb400000| Untracked |  0
|1949|0x00000007eb800000, 0x00000007ebc00000, 0x00000007ebc00000|100%| O|  |TAMS 0x00000007ebc00000| PB 0x00000007eb800000| Untracked |  0
|1950|0x00000007ebc00000, 0x00000007ec000000, 0x00000007ec000000|100%| O|  |TAMS 0x00000007ec000000| PB 0x00000007ebc00000| Untracked |  0
|1951|0x00000007ec000000, 0x00000007ec400000, 0x00000007ec400000|100%| O|  |TAMS 0x00000007ec400000| PB 0x00000007ec000000| Untracked |  0
|1952|0x00000007ec400000, 0x00000007ec800000, 0x00000007ec800000|100%| O|  |TAMS 0x00000007ec800000| PB 0x00000007ec400000| Untracked |  0
|1953|0x00000007ec800000, 0x00000007ecc00000, 0x00000007ecc00000|100%| O|  |TAMS 0x00000007ecc00000| PB 0x00000007ec800000| Untracked |  0
|1954|0x00000007ecc00000, 0x00000007ed000000, 0x00000007ed000000|100%| O|  |TAMS 0x00000007ed000000| PB 0x00000007ecc00000| Untracked |  0
|1955|0x00000007ed000000, 0x00000007ed400000, 0x00000007ed400000|100%| O|  |TAMS 0x00000007ed400000| PB 0x00000007ed000000| Untracked |  0
|1956|0x00000007ed400000, 0x00000007ed800000, 0x00000007ed800000|100%| O|  |TAMS 0x00000007ed800000| PB 0x00000007ed400000| Untracked |  0
|1957|0x00000007ed800000, 0x00000007edc00000, 0x00000007edc00000|100%| O|  |TAMS 0x00000007edc00000| PB 0x00000007ed800000| Untracked |  0
|1958|0x00000007edc00000, 0x00000007ee000000, 0x00000007ee000000|100%| O|  |TAMS 0x00000007ee000000| PB 0x00000007edc00000| Untracked |  0
|1959|0x00000007ee000000, 0x00000007ee400000, 0x00000007ee400000|100%| O|  |TAMS 0x00000007ee400000| PB 0x00000007ee000000| Untracked |  0
|1960|0x00000007ee400000, 0x00000007ee800000, 0x00000007ee800000|100%| O|  |TAMS 0x00000007ee800000| PB 0x00000007ee400000| Untracked |  0
|1961|0x00000007ee800000, 0x00000007eec00000, 0x00000007eec00000|100%| O|  |TAMS 0x00000007eec00000| PB 0x00000007ee800000| Untracked |  0
|1962|0x00000007eec00000, 0x00000007ef000000, 0x00000007ef000000|100%| O|  |TAMS 0x00000007ef000000| PB 0x00000007eec00000| Untracked |  0
|1963|0x00000007ef000000, 0x00000007ef400000, 0x00000007ef400000|100%| O|  |TAMS 0x00000007ef400000| PB 0x00000007ef000000| Untracked |  0
|1964|0x00000007ef400000, 0x00000007ef800000, 0x00000007ef800000|100%| O|  |TAMS 0x00000007ef800000| PB 0x00000007ef400000| Untracked |  0
|1965|0x00000007ef800000, 0x00000007efc00000, 0x00000007efc00000|100%| O|  |TAMS 0x00000007efc00000| PB 0x00000007ef800000| Untracked |  0
|1966|0x00000007efc00000, 0x00000007f0000000, 0x00000007f0000000|100%| O|  |TAMS 0x00000007f0000000| PB 0x00000007efc00000| Untracked |  0
|1967|0x00000007f0000000, 0x00000007f0400000, 0x00000007f0400000|100%| O|  |TAMS 0x00000007f0400000| PB 0x00000007f0000000| Untracked |  0
|1968|0x00000007f0400000, 0x00000007f0800000, 0x00000007f0800000|100%| O|  |TAMS 0x00000007f0800000| PB 0x00000007f0400000| Untracked |  0
|1969|0x00000007f0800000, 0x00000007f0c00000, 0x00000007f0c00000|100%| O|  |TAMS 0x00000007f0c00000| PB 0x00000007f0800000| Untracked |  0
|1970|0x00000007f0c00000, 0x00000007f1000000, 0x00000007f1000000|100%| O|  |TAMS 0x00000007f1000000| PB 0x00000007f0c00000| Untracked |  0
|1971|0x00000007f1000000, 0x00000007f1400000, 0x00000007f1400000|100%| O|  |TAMS 0x00000007f1400000| PB 0x00000007f1000000| Untracked |  0
|1972|0x00000007f1400000, 0x00000007f1800000, 0x00000007f1800000|100%| O|  |TAMS 0x00000007f1800000| PB 0x00000007f1400000| Untracked |  0
|1973|0x00000007f1800000, 0x00000007f1c00000, 0x00000007f1c00000|100%| O|  |TAMS 0x00000007f1c00000| PB 0x00000007f1800000| Untracked |  0
|1974|0x00000007f1c00000, 0x00000007f2000000, 0x00000007f2000000|100%| O|  |TAMS 0x00000007f2000000| PB 0x00000007f1c00000| Untracked |  0
|1975|0x00000007f2000000, 0x00000007f2400000, 0x00000007f2400000|100%| O|  |TAMS 0x00000007f2400000| PB 0x00000007f2000000| Untracked |  0
|1976|0x00000007f2400000, 0x00000007f2800000, 0x00000007f2800000|100%| O|  |TAMS 0x00000007f2800000| PB 0x00000007f2400000| Untracked |  0
|1977|0x00000007f2800000, 0x00000007f2c00000, 0x00000007f2c00000|100%| O|  |TAMS 0x00000007f2c00000| PB 0x00000007f2800000| Untracked |  0
|1978|0x00000007f2c00000, 0x00000007f3000000, 0x00000007f3000000|100%| O|  |TAMS 0x00000007f3000000| PB 0x00000007f2c00000| Untracked |  0
|1979|0x00000007f3000000, 0x00000007f3400000, 0x00000007f3400000|100%| O|  |TAMS 0x00000007f3400000| PB 0x00000007f3000000| Untracked |  0
|1980|0x00000007f3400000, 0x00000007f3800000, 0x00000007f3800000|100%| O|  |TAMS 0x00000007f3800000| PB 0x00000007f3400000| Untracked |  0
|1981|0x00000007f3800000, 0x00000007f3c00000, 0x00000007f3c00000|100%| O|  |TAMS 0x00000007f3c00000| PB 0x00000007f3800000| Untracked |  0
|1982|0x00000007f3c00000, 0x00000007f4000000, 0x00000007f4000000|100%| O|  |TAMS 0x00000007f4000000| PB 0x00000007f3c00000| Untracked |  0
|1983|0x00000007f4000000, 0x00000007f4400000, 0x00000007f4400000|100%| O|  |TAMS 0x00000007f4400000| PB 0x00000007f4000000| Untracked |  0
|1984|0x00000007f4400000, 0x00000007f4800000, 0x00000007f4800000|100%| O|  |TAMS 0x00000007f4800000| PB 0x00000007f4400000| Untracked |  0
|1985|0x00000007f4800000, 0x00000007f4c00000, 0x00000007f4c00000|100%| O|  |TAMS 0x00000007f4c00000| PB 0x00000007f4800000| Untracked |  0
|1986|0x00000007f4c00000, 0x00000007f5000000, 0x00000007f5000000|100%| O|  |TAMS 0x00000007f5000000| PB 0x00000007f4c00000| Untracked |  0
|1987|0x00000007f5000000, 0x00000007f5400000, 0x00000007f5400000|100%| O|  |TAMS 0x00000007f5400000| PB 0x00000007f5000000| Untracked |  0
|1988|0x00000007f5400000, 0x00000007f5800000, 0x00000007f5800000|100%| O|  |TAMS 0x00000007f5800000| PB 0x00000007f5400000| Untracked |  0
|1989|0x00000007f5800000, 0x00000007f5c00000, 0x00000007f5c00000|100%| O|  |TAMS 0x00000007f5c00000| PB 0x00000007f5800000| Untracked |  0
|1990|0x00000007f5c00000, 0x00000007f5c00000, 0x00000007f6000000|  0%| F|  |TAMS 0x00000007f5c00000| PB 0x00000007f5c00000| Untracked |  0
|1991|0x00000007f6000000, 0x00000007f6400000, 0x00000007f6400000|100%| O|  |TAMS 0x00000007f6400000| PB 0x00000007f6000000| Untracked |  0
|1992|0x00000007f6400000, 0x00000007f6800000, 0x00000007f6800000|100%| O|  |TAMS 0x00000007f6800000| PB 0x00000007f6400000| Untracked |  0
|1993|0x00000007f6800000, 0x00000007f6c00000, 0x00000007f6c00000|100%| O|  |TAMS 0x00000007f6c00000| PB 0x00000007f6800000| Untracked |  0
|1994|0x00000007f6c00000, 0x00000007f7000000, 0x00000007f7000000|100%| O|  |TAMS 0x00000007f7000000| PB 0x00000007f6c00000| Untracked |  0
|1995|0x00000007f7000000, 0x00000007f7400000, 0x00000007f7400000|100%| O|  |TAMS 0x00000007f7400000| PB 0x00000007f7000000| Untracked |  0
|1996|0x00000007f7400000, 0x00000007f7800000, 0x00000007f7800000|100%| O|  |TAMS 0x00000007f7800000| PB 0x00000007f7400000| Untracked |  0
|1997|0x00000007f7800000, 0x00000007f7800000, 0x00000007f7c00000|  0%| F|  |TAMS 0x00000007f7800000| PB 0x00000007f7800000| Untracked |  0
|1998|0x00000007f7c00000, 0x00000007f7c00000, 0x00000007f8000000|  0%| F|  |TAMS 0x00000007f7c00000| PB 0x00000007f7c00000| Untracked |  0
|1999|0x00000007f8000000, 0x00000007f8400000, 0x00000007f8400000|100%| O|  |TAMS 0x00000007f8400000| PB 0x00000007f8000000| Untracked |  0
|2000|0x00000007f8400000, 0x00000007f8400000, 0x00000007f8800000|  0%| F|  |TAMS 0x00000007f8400000| PB 0x00000007f8400000| Untracked |  0
|2001|0x00000007f8800000, 0x00000007f8800000, 0x00000007f8c00000|  0%| F|  |TAMS 0x00000007f8800000| PB 0x00000007f8800000| Untracked |  0
|2002|0x00000007f8c00000, 0x00000007f9000000, 0x00000007f9000000|100%| O|  |TAMS 0x00000007f9000000| PB 0x00000007f8c00000| Untracked |  0
|2003|0x00000007f9000000, 0x00000007f9400000, 0x00000007f9400000|100%| O|  |TAMS 0x00000007f9400000| PB 0x00000007f9000000| Untracked |  0
|2004|0x00000007f9400000, 0x00000007f9400000, 0x00000007f9800000|  0%| F|  |TAMS 0x00000007f9400000| PB 0x00000007f9400000| Untracked |  0
|2005|0x00000007f9800000, 0x00000007f9c00000, 0x00000007f9c00000|100%| O|  |TAMS 0x00000007f9c00000| PB 0x00000007f9800000| Untracked |  0
|2006|0x00000007f9c00000, 0x00000007f9c00000, 0x00000007fa000000|  0%| F|  |TAMS 0x00000007f9c00000| PB 0x00000007f9c00000| Untracked |  0
|2007|0x00000007fa000000, 0x00000007fa000000, 0x00000007fa400000|  0%| F|  |TAMS 0x00000007fa000000| PB 0x00000007fa000000| Untracked |  0
|2008|0x00000007fa400000, 0x00000007fa800000, 0x00000007fa800000|100%| O|  |TAMS 0x00000007fa800000| PB 0x00000007fa400000| Untracked |  0
|2009|0x00000007fa800000, 0x00000007fac00000, 0x00000007fac00000|100%| O|  |TAMS 0x00000007fac00000| PB 0x00000007fa800000| Untracked |  0
|2010|0x00000007fac00000, 0x00000007fb000000, 0x00000007fb000000|100%| O|  |TAMS 0x00000007fb000000| PB 0x00000007fac00000| Untracked |  0
|2011|0x00000007fb000000, 0x00000007fb400000, 0x00000007fb400000|100%| O|  |TAMS 0x00000007fb400000| PB 0x00000007fb000000| Untracked |  0
|2012|0x00000007fb400000, 0x00000007fb800000, 0x00000007fb800000|100%| O|  |TAMS 0x00000007fb800000| PB 0x00000007fb400000| Untracked |  0
|2013|0x00000007fb800000, 0x00000007fbc00000, 0x00000007fbc00000|100%| O|  |TAMS 0x00000007fbc00000| PB 0x00000007fb800000| Untracked |  0
|2014|0x00000007fbc00000, 0x00000007fc000000, 0x00000007fc000000|100%| O|  |TAMS 0x00000007fc000000| PB 0x00000007fbc00000| Untracked |  0
|2015|0x00000007fc000000, 0x00000007fc400000, 0x00000007fc400000|100%| O|  |TAMS 0x00000007fc400000| PB 0x00000007fc000000| Untracked |  0
|2016|0x00000007fc400000, 0x00000007fc800000, 0x00000007fc800000|100%| O|  |TAMS 0x00000007fc800000| PB 0x00000007fc400000| Untracked |  0
|2017|0x00000007fc800000, 0x00000007fcc00000, 0x00000007fcc00000|100%| O|  |TAMS 0x00000007fcc00000| PB 0x00000007fc800000| Untracked |  0
|2018|0x00000007fcc00000, 0x00000007fd000000, 0x00000007fd000000|100%| O|  |TAMS 0x00000007fd000000| PB 0x00000007fcc00000| Untracked |  0
|2019|0x00000007fd000000, 0x00000007fd400000, 0x00000007fd400000|100%| O|  |TAMS 0x00000007fd400000| PB 0x00000007fd000000| Untracked |  0
|2020|0x00000007fd400000, 0x00000007fd800000, 0x00000007fd800000|100%| O|  |TAMS 0x00000007fd800000| PB 0x00000007fd400000| Untracked |  0
|2021|0x00000007fd800000, 0x00000007fdc00000, 0x00000007fdc00000|100%| O|  |TAMS 0x00000007fdc00000| PB 0x00000007fd800000| Untracked |  0
|2022|0x00000007fdc00000, 0x00000007fe000000, 0x00000007fe000000|100%| O|  |TAMS 0x00000007fe000000| PB 0x00000007fdc00000| Untracked |  0
|2023|0x00000007fe000000, 0x00000007fe400000, 0x00000007fe400000|100%| O|  |TAMS 0x00000007fe400000| PB 0x00000007fe000000| Untracked |  0
|2024|0x00000007fe400000, 0x00000007fe800000, 0x00000007fe800000|100%| O|  |TAMS 0x00000007fe800000| PB 0x00000007fe400000| Untracked |  0
|2025|0x00000007fe800000, 0x00000007fec00000, 0x00000007fec00000|100%| O|  |TAMS 0x00000007fec00000| PB 0x00000007fe800000| Untracked |  0
|2026|0x00000007fec00000, 0x00000007ff000000, 0x00000007ff000000|100%| O|  |TAMS 0x00000007ff000000| PB 0x00000007fec00000| Untracked |  0
|2027|0x00000007ff000000, 0x00000007ff400000, 0x00000007ff400000|100%| O|  |TAMS 0x00000007ff400000| PB 0x00000007ff000000| Untracked |  0
|2028|0x00000007ff400000, 0x00000007ff800000, 0x00000007ff800000|100%| O|  |TAMS 0x00000007ff800000| PB 0x00000007ff400000| Untracked |  0
|2029|0x00000007ff800000, 0x00000007ffc00000, 0x00000007ffc00000|100%| O|  |TAMS 0x00000007ffc00000| PB 0x00000007ff800000| Untracked |  0
|2030|0x00000007ffc00000, 0x00000007ffd1c288, 0x0000000800000000| 27%| O|  |TAMS 0x00000007ffd1c288| PB 0x00000007ffc00000| Untracked |  0

Card table byte_map: [0x000001ca5aad0000,0x000001ca5bab0000] _byte_map_base: 0x000001ca57aae000

Marking Bits: (CMBitMap*) 0x000001ca412f72a0
 Bits: [0x000001ca5bab0000, 0x000001ca639a0000)

Polling page: 0x000001ca3f4d0000

Metaspace:

Usage:
  Non-class:     17.94 MB used.
      Class:      1.68 MB used.
       Both:     19.62 MB used.

Virtual space:
  Non-class space:       64.00 MB reserved,      18.06 MB ( 28%) committed,  1 nodes.
      Class space:        1.00 GB reserved,       1.81 MB ( <1%) committed,  1 nodes.
             Both:        1.06 GB reserved,      19.88 MB (  2%) committed. 

Chunk freelists:
   Non-Class:  13.57 MB
       Class:  14.04 MB
        Both:  27.60 MB

MaxMetaspaceSize: unlimited
CompressedClassSpaceSize: 1.00 GB
Initial GC threshold: 21.00 MB
Current GC threshold: 33.12 MB
CDS: on
 - commit_granule_bytes: 65536.
 - commit_granule_words: 8192.
 - virtual_space_node_default_size: 8388608.
 - enlarge_chunks_in_place: 1.
UseCompressedClassPointers 1, UseCompactObjectHeaders 0
Narrow klass pointer bits 32, Max shift 3
Narrow klass base: 0x000001ca68000000, Narrow klass shift: 0
Encoding Range: [0x000001ca68000000 - 0x000001cb68000000), (4294967296 bytes)
Klass Range:    [0x000001ca68000000 - 0x000001caa9000000), (1090519040 bytes)
Klass ID Range:  [8 - 1090519033) (1090519025)


Internal statistics:

num_allocs_failed_limit: 0.
num_arena_births: 254.
num_arena_deaths: 4.
num_vsnodes_births: 2.
num_vsnodes_deaths: 0.
num_space_committed: 318.
num_space_uncommitted: 0.
num_chunks_returned_to_freelist: 6.
num_chunks_taken_from_freelist: 862.
num_chunk_merges: 0.
num_chunk_splits: 572.
num_chunks_enlarged: 429.
num_inconsistent_stats: 0.

CodeHeap 'non-profiled nmethods': size=119232Kb used=3389Kb max_used=4166Kb free=115842Kb
 bounds [0x000001ca51680000, 0x000001ca51aa0000, 0x000001ca58af0000]
CodeHeap 'profiled nmethods': size=119104Kb used=5093Kb max_used=7467Kb free=114010Kb
 bounds [0x000001ca49af0000, 0x000001ca4a240000, 0x000001ca50f40000]
CodeHeap 'non-nmethods': size=7424Kb used=1476Kb max_used=3360Kb free=5947Kb
 bounds [0x000001ca50f40000, 0x000001ca512b0000, 0x000001ca51680000]
CodeCache: size=245760Kb, used=9958Kb, max_used=14993Kb, free=235799Kb
 total_blobs=4486, nmethods=3839, adapters=552, full_count=0
Compilation: enabled, stopped_count=0, restarted_count=0

Compilation events (20 events):
Event: 552.969 Thread 0x000001ca672fb260 4880       1       org.eclipse.jetty.server.handler.HandlerWrapper::getHandler (5 bytes)
Event: 552.969 Thread 0x000001ca672fb260 nmethod 4880 0x000001ca51a91888 code [0x000001ca51a91980, 0x000001ca51a91a48]
Event: 552.969 Thread 0x000001ca672fb260 4881       3       io.javalin.http.servlet.JavalinServletContext::appAttribute (18 bytes)
Event: 552.970 Thread 0x000001ca672fb260 nmethod 4881 0x000001ca4a23a608 code [0x000001ca4a23a7a0, 0x000001ca4a23ae78]
Event: 552.970 Thread 0x000001ca672fb260 4883       3       java.util.concurrent.ConcurrentLinkedQueue::poll (84 bytes)
Event: 552.980 Thread 0x000001ca672fb260 nmethod 4883 0x000001ca4a1a3108 code [0x000001ca4a1a36a0, 0x000001ca4a1a7cf8]
Event: 552.980 Thread 0x000001ca672fb260 4888       3       java.util.concurrent.ConcurrentLinkedQueue::offer (120 bytes)
Event: 552.981 Thread 0x000001ca672fb260 nmethod 4888 0x000001ca49b06a08 code [0x000001ca49b06d60, 0x000001ca49b091f0]
Event: 552.981 Thread 0x000001ca672fb260 4882       3       org.eclipse.jetty.io.AbstractByteBufferPool$Bucket::acquire (48 bytes)
Event: 552.981 Thread 0x000001ca672fb260 nmethod 4882 0x000001ca49af5b08 code [0x000001ca49af5c60, 0x000001ca49af61c0]
Event: 552.981 Thread 0x000001ca672fb260 4884       3       org.eclipse.jetty.io.AbstractByteBufferPool$Bucket::release (65 bytes)
Event: 552.981 Thread 0x000001ca672fb260 nmethod 4884 0x000001ca49b23908 code [0x000001ca49b23ae0, 0x000001ca49b24508]
Event: 552.981 Thread 0x000001ca672fb260 4885       3       org.eclipse.jetty.io.AbstractByteBufferPool$Bucket::resetUpdateTime (11 bytes)
Event: 552.981 Thread 0x000001ca672fb260 nmethod 4885 0x000001ca49af7588 code [0x000001ca49af76c0, 0x000001ca49af7910]
Event: 552.981 Thread 0x000001ca672fb260 4886       3       java.util.concurrent.atomic.AtomicLong::lazySet (12 bytes)
Event: 552.981 Thread 0x000001ca672fb260 nmethod 4886 0x000001ca49b26a88 code [0x000001ca49b26ba0, 0x000001ca49b26dd8]
Event: 552.981 Thread 0x000001ca672fb260 4887       3       jdk.internal.misc.Unsafe::putLongRelease (9 bytes)
Event: 552.981 Thread 0x000001ca672fb260 nmethod 4887 0x000001ca49b0e188 code [0x000001ca49b0e2a0, 0x000001ca49b0e3c0]
Event: 553.127 Thread 0x000001ca672ee1a0 4889       4       es.uam.eps.ir.relison.diffusion.metrics.features.indiv.FeatureIndividualGini$$Lambda/0x000001ca691b27d0::accept (9 bytes)
Event: 553.137 Thread 0x000001ca672ee1a0 nmethod 4889 0x000001ca516bde88 code [0x000001ca516be080, 0x000001ca516bf070]

GC Heap History (20 events):
Event: 551.417 GC heap after
{Heap after GC invocations=739 (full 0):
 garbage-first heap   total reserved 8318976K, committed 4149248K, used 1626210K [0x0000000604400000, 0x0000000800000000)
  region size 4096K, 76 young (311296K), 76 survivors (311296K)
 Metaspace       used 20080K, committed 20352K, reserved 1114112K
  class space    used 1717K, committed 1856K, reserved 1048576K
}
Event: 551.731 GC heap before
{Heap before GC invocations=739 (full 0):
 garbage-first heap   total reserved 8318976K, committed 4149248K, used 3367010K [0x0000000604400000, 0x0000000800000000)
  region size 4096K, 501 young (2052096K), 76 survivors (311296K)
 Metaspace       used 20080K, committed 20352K, reserved 1114112K
  class space    used 1717K, committed 1856K, reserved 1048576K
}
Event: 551.937 GC heap after
{Heap after GC invocations=740 (full 0):
 garbage-first heap   total reserved 8318976K, committed 4587520K, used 2532442K [0x0000000604400000, 0x0000000800000000)
  region size 4096K, 63 young (258048K), 63 survivors (258048K)
 Metaspace       used 20080K, committed 20352K, reserved 1114112K
  class space    used 1717K, committed 1856K, reserved 1048576K
}
Event: 552.140 GC heap before
{Heap before GC invocations=740 (full 0):
 garbage-first heap   total reserved 8318976K, committed 4587520K, used 3638362K [0x0000000604400000, 0x0000000800000000)
  region size 4096K, 333 young (1363968K), 63 survivors (258048K)
 Metaspace       used 20080K, committed 20352K, reserved 1114112K
  class space    used 1717K, committed 1856K, reserved 1048576K
}
Event: 552.261 GC heap after
{Heap after GC invocations=741 (full 0):
 garbage-first heap   total reserved 8318976K, committed 4587520K, used 3095642K [0x0000000604400000, 0x0000000800000000)
  region size 4096K, 42 young (172032K), 42 survivors (172032K)
 Metaspace       used 20080K, committed 20352K, reserved 1114112K
  class space    used 1717K, committed 1856K, reserved 1048576K
}
Event: 552.413 GC heap before
{Heap before GC invocations=741 (full 0):
 garbage-first heap   total reserved 8318976K, committed 4587520K, used 3837018K [0x0000000604400000, 0x0000000800000000)
  region size 4096K, 223 young (913408K), 42 survivors (172032K)
 Metaspace       used 20080K, committed 20352K, reserved 1114112K
  class space    used 1717K, committed 1856K, reserved 1048576K
}
Event: 552.493 GC heap after
{Heap after GC invocations=742 (full 0):
 garbage-first heap   total reserved 8318976K, committed 4587520K, used 3480666K [0x0000000604400000, 0x0000000800000000)
  region size 4096K, 28 young (114688K), 28 survivors (114688K)
 Metaspace       used 20080K, committed 20352K, reserved 1114112K
  class space    used 1717K, committed 1856K, reserved 1048576K
}
Event: 552.605 GC heap before
{Heap before GC invocations=742 (full 0):
 garbage-first heap   total reserved 8318976K, committed 4587520K, used 4009050K [0x0000000604400000, 0x0000000800000000)
  region size 4096K, 157 young (643072K), 28 survivors (114688K)
 Metaspace       used 20080K, committed 20352K, reserved 1114112K
  class space    used 1717K, committed 1856K, reserved 1048576K
}
Event: 552.664 GC heap after
{Heap after GC invocations=743 (full 0):
 garbage-first heap   total reserved 8318976K, committed 5963776K, used 3748954K [0x0000000604400000, 0x0000000800000000)
  region size 4096K, 20 young (81920K), 20 survivors (81920K)
 Metaspace       used 20080K, committed 20352K, reserved 1114112K
  class space    used 1717K, committed 1856K, reserved 1048576K
}
Event: 553.010 GC heap before
{Heap before GC invocations=744 (full 0):
 garbage-first heap   total reserved 8318976K, committed 6254592K, used 4818010K [0x0000000604400000, 0x0000000800000000)
  region size 4096K, 281 young (1150976K), 20 survivors (81920K)
 Metaspace       used 20085K, committed 20352K, reserved 1114112K
  class space    used 1717K, committed 1856K, reserved 1048576K
}
Event: 553.107 GC heap after
{Heap after GC invocations=745 (full 0):
 garbage-first heap   total reserved 8318976K, committed 6254592K, used 4277338K [0x0000000604400000, 0x0000000800000000)
  region size 4096K, 36 young (147456K), 36 survivors (147456K)
 Metaspace       used 20085K, committed 20352K, reserved 1114112K
  class space    used 1717K, committed 1856K, reserved 1048576K
}
Event: 553.283 GC heap before
{Heap before GC invocations=745 (full 0):
 garbage-first heap   total reserved 8318976K, committed 6254592K, used 5211226K [0x0000000604400000, 0x0000000800000000)
  region size 4096K, 264 young (1081344K), 36 survivors (147456K)
 Metaspace       used 20085K, committed 20352K, reserved 1114112K
  class space    used 1717K, committed 1856K, reserved 1048576K
}
Event: 553.380 GC heap after
{Heap after GC invocations=746 (full 0):
 garbage-first heap   total reserved 8318976K, committed 6254592K, used 4762714K [0x0000000604400000, 0x0000000800000000)
  region size 4096K, 33 young (135168K), 33 survivors (135168K)
 Metaspace       used 20085K, committed 20352K, reserved 1114112K
  class space    used 1717K, committed 1856K, reserved 1048576K
}
Event: 553.504 GC heap before
{Heap before GC invocations=746 (full 0):
 garbage-first heap   total reserved 8318976K, committed 6254592K, used 5446746K [0x0000000604400000, 0x0000000800000000)
  region size 4096K, 200 young (819200K), 33 survivors (135168K)
 Metaspace       used 20085K, committed 20352K, reserved 1114112K
  class space    used 1717K, committed 1856K, reserved 1048576K
}
Event: 553.619 GC heap after
{Heap after GC invocations=747 (full 0):
 garbage-first heap   total reserved 8318976K, committed 6254592K, used 5137498K [0x0000000604400000, 0x0000000800000000)
  region size 4096K, 25 young (102400K), 25 survivors (102400K)
 Metaspace       used 20085K, committed 20352K, reserved 1114112K
  class space    used 1717K, committed 1856K, reserved 1048576K
}
Event: 553.707 GC heap before
{Heap before GC invocations=747 (full 0):
 garbage-first heap   total reserved 8318976K, committed 6254592K, used 5641306K [0x0000000604400000, 0x0000000800000000)
  region size 4096K, 148 young (606208K), 25 survivors (102400K)
 Metaspace       used 20085K, committed 20352K, reserved 1114112K
  class space    used 1717K, committed 1856K, reserved 1048576K
}
Event: 553.764 GC heap after
{Heap after GC invocations=748 (full 0):
 garbage-first heap   total reserved 8318976K, committed 6254592K, used 5368922K [0x0000000604400000, 0x0000000800000000)
  region size 4096K, 19 young (77824K), 19 survivors (77824K)
 Metaspace       used 20085K, committed 20352K, reserved 1114112K
  class space    used 1717K, committed 1856K, reserved 1048576K
}
Event: 553.833 GC heap before
{Heap before GC invocations=748 (full 0):
 garbage-first heap   total reserved 8318976K, committed 6254592K, used 5766234K [0x0000000604400000, 0x0000000800000000)
  region size 4096K, 116 young (475136K), 19 survivors (77824K)
 Metaspace       used 20085K, committed 20352K, reserved 1114112K
  class space    used 1717K, committed 1856K, reserved 1048576K
}
Event: 553.877 GC heap after
{Heap after GC invocations=749 (full 0):
 garbage-first heap   total reserved 8318976K, committed 6254592K, used 5592154K [0x0000000604400000, 0x0000000800000000)
  region size 4096K, 15 young (61440K), 15 survivors (61440K)
 Metaspace       used 20085K, committed 20352K, reserved 1114112K
  class space    used 1717K, committed 1856K, reserved 1048576K
}
Event: 553.936 GC heap before
{Heap before GC invocations=749 (full 0):
 garbage-first heap   total reserved 8318976K, committed 6254592K, used 5874778K [0x0000000604400000, 0x0000000800000000)
  region size 4096K, 84 young (344064K), 15 survivors (61440K)
 Metaspace       used 20085K, committed 20352K, reserved 1114112K
  class space    used 1717K, committed 1856K, reserved 1048576K
}

Dll operation events (11 events):
Event: 0.005 Loaded shared library C:\Users\jsc17y\.jdks\openjdk-24.0.1\bin\java.dll
Event: 0.021 Loaded shared library C:\Users\jsc17y\.jdks\openjdk-24.0.1\bin\jsvml.dll
Event: 0.023 Loaded shared library C:\Users\jsc17y\.jdks\openjdk-24.0.1\bin\net.dll
Event: 0.024 Loaded shared library C:\Users\jsc17y\.jdks\openjdk-24.0.1\bin\nio.dll
Event: 0.043 Loaded shared library C:\Users\jsc17y\.jdks\openjdk-24.0.1\bin\zip.dll
Event: 0.085 Loaded shared library C:\Users\jsc17y\.jdks\openjdk-24.0.1\bin\jimage.dll
Event: 0.263 Loaded shared library C:\Users\jsc17y\.jdks\openjdk-24.0.1\bin\extnet.dll
Event: 0.407 Loaded shared library C:\Users\jsc17y\.jdks\openjdk-24.0.1\bin\sunmscapi.dll
Event: 0.489 Loaded shared library C:\Users\jsc17y\.jdks\openjdk-24.0.1\bin\management.dll
Event: 0.493 Loaded shared library C:\Users\jsc17y\.jdks\openjdk-24.0.1\bin\management_ext.dll
Event: 0.534 Loaded shared library C:\Users\jsc17y\.jdks\openjdk-24.0.1\bin\awt.dll

Deoptimization events (20 events):
Event: 551.020 Thread 0x000001ca67f79c50 Uncommon trap: trap_request=0xffffffde fr.pc=0x000001ca51a56fc4 relative=0x0000000000000d64
Event: 551.020 Thread 0x000001ca67f79c50 Uncommon trap: reason=class_check action=maybe_recompile pc=0x000001ca51a56fc4 method=es.uam.eps.ir.relison.diffusion.data.Data.getUserFeatures(Ljava/io/Serializable;Ljava/lang/String;)Ljava/util/stream/Stream; @ 16 c2
Event: 551.020 Thread 0x000001ca67f79c50 DEOPT PACKING pc=0x000001ca51a56fc4 sp=0x0000001b9ecfe900
Event: 551.020 Thread 0x000001ca67f79c50 DEOPT UNPACKING pc=0x000001ca51057c02 sp=0x0000001b9ecfe8c0 mode 2
Event: 551.066 Thread 0x000001ca67f79c50 Uncommon trap: trap_request=0xffffffde fr.pc=0x000001ca51a80144 relative=0x0000000000000584
Event: 551.066 Thread 0x000001ca67f79c50 Uncommon trap: reason=class_check action=maybe_recompile pc=0x000001ca51a80144 method=java.util.stream.ReferencePipeline$5$1.accept(Ljava/lang/Object;)V @ 9 c2
Event: 551.066 Thread 0x000001ca67f79c50 DEOPT PACKING pc=0x000001ca51a80144 sp=0x0000001b9ecfe9e0
Event: 551.066 Thread 0x000001ca67f79c50 DEOPT UNPACKING pc=0x000001ca51057c02 sp=0x0000001b9ecfe970 mode 2
Event: 551.066 Thread 0x000001ca67f79c50 Uncommon trap: trap_request=0xffffffde fr.pc=0x000001ca51a80144 relative=0x0000000000000584
Event: 551.066 Thread 0x000001ca67f79c50 Uncommon trap: reason=class_check action=maybe_recompile pc=0x000001ca51a80144 method=java.util.stream.ReferencePipeline$5$1.accept(Ljava/lang/Object;)V @ 9 c2
Event: 551.066 Thread 0x000001ca67f79c50 DEOPT PACKING pc=0x000001ca51a80144 sp=0x0000001b9ecfe9e0
Event: 551.066 Thread 0x000001ca67f79c50 DEOPT UNPACKING pc=0x000001ca51057c02 sp=0x0000001b9ecfe970 mode 2
Event: 551.066 Thread 0x000001ca67f79c50 Uncommon trap: trap_request=0xffffffde fr.pc=0x000001ca51a80144 relative=0x0000000000000584
Event: 551.066 Thread 0x000001ca67f79c50 Uncommon trap: reason=class_check action=maybe_recompile pc=0x000001ca51a80144 method=java.util.stream.ReferencePipeline$5$1.accept(Ljava/lang/Object;)V @ 9 c2
Event: 551.066 Thread 0x000001ca67f79c50 DEOPT PACKING pc=0x000001ca51a80144 sp=0x0000001b9ecfe9e0
Event: 551.066 Thread 0x000001ca67f79c50 DEOPT UNPACKING pc=0x000001ca51057c02 sp=0x0000001b9ecfe970 mode 2
Event: 551.066 Thread 0x000001ca67f79c50 Uncommon trap: trap_request=0xffffffde fr.pc=0x000001ca51a80144 relative=0x0000000000000584
Event: 551.066 Thread 0x000001ca67f79c50 Uncommon trap: reason=class_check action=maybe_recompile pc=0x000001ca51a80144 method=java.util.stream.ReferencePipeline$5$1.accept(Ljava/lang/Object;)V @ 9 c2
Event: 551.066 Thread 0x000001ca67f79c50 DEOPT PACKING pc=0x000001ca51a80144 sp=0x0000001b9ecfe9e0
Event: 551.067 Thread 0x000001ca67f79c50 DEOPT UNPACKING pc=0x000001ca51057c02 sp=0x0000001b9ecfe970 mode 2

Classes loaded (20 events):
Event: 377.713 Loading class sun/nio/fs/WindowsPath$1
Event: 377.713 Loading class sun/nio/fs/WindowsPath$1 done
Event: 377.713 Loading class sun/nio/fs/WindowsChannelFactory$2
Event: 377.713 Loading class sun/nio/fs/WindowsChannelFactory$2 done
Event: 377.714 Loading class sun/nio/ch/ChannelOutputStream
Event: 377.714 Loading class sun/nio/ch/ChannelOutputStream done
Event: 377.760 Loading class java/io/BufferedReader$1
Event: 377.760 Loading class java/io/BufferedReader$1 done
Event: 443.726 Loading class java/lang/invoke/MethodHandle$1
Event: 443.726 Loading class java/lang/invoke/MethodHandle$1 done
Event: 453.616 Loading class java/util/stream/ReduceOps$1
Event: 453.618 Loading class java/util/stream/ReduceOps$1 done
Event: 453.618 Loading class java/util/stream/ReduceOps$1ReducingSink
Event: 453.618 Loading class java/util/stream/ReduceOps$1ReducingSink done
Event: 511.525 Loading class java/lang/foreign/MemorySegment
Event: 511.527 Loading class java/lang/foreign/MemorySegment done
Event: 511.577 Loading class java/io/Reader$2
Event: 511.578 Loading class java/io/Reader$2 done
Event: 551.073 Loading class java/util/function/DoubleToIntFunction
Event: 551.073 Loading class java/util/function/DoubleToIntFunction done

Classes unloaded (2 events):
Event: 542.660 Thread 0x000001ca65c22650 Unloading class 0x000001ca69160400 'java/lang/invoke/LambdaForm$DMH+0x000001ca69160400'
Event: 542.660 Thread 0x000001ca65c22650 Unloading class 0x000001ca6912c400 'java/lang/invoke/LambdaForm$DMH+0x000001ca6912c400'

Classes redefined (0 events):
No events

Internal exceptions (20 events):
Event: 129.152 Thread 0x000001ca67f78660 Exception <a 'java/lang/NoSuchMethodError'{0x00000006222bf620}: 'int java.lang.invoke.DirectMethodHandle$Holder.invokeVirtual(java.lang.Object, java.lang.Object, java.lang.Object)'> (0x00000006222bf620) 
thrown [s\open\src\hotspot\share\interpreter\linkResolver.cpp, line 805]
Event: 129.158 Thread 0x000001ca67f78660 Exception <a 'java/lang/NoSuchMethodError'{0x0000000622314768}: 'int java.lang.invoke.DirectMethodHandle$Holder.invokeSpecial(java.lang.Object, java.lang.Object, java.lang.Object, java.lang.Object)'> (0x0000000622314768) 
thrown [s\open\src\hotspot\share\interpreter\linkResolver.cpp, line 805]
Event: 129.174 Thread 0x000001ca67f78660 Exception <a 'java/lang/NoSuchMethodError'{0x000000062237b198}: 'void java.lang.invoke.DirectMethodHandle$Holder.invokeSpecial(java.lang.Object, java.lang.Object, java.lang.Object, java.lang.Object, java.lang.Object)'> (0x000000062237b198) 
thrown [s\open\src\hotspot\share\interpreter\linkResolver.cpp, line 805]
Event: 129.187 Thread 0x000001ca67f78660 Exception <a 'java/lang/NoSuchMethodError'{0x00000006223e6150}: 'java.lang.Object java.lang.invoke.DirectMethodHandle$Holder.newInvokeSpecial(java.lang.Object, java.lang.Object, int, int)'> (0x00000006223e6150) 
thrown [s\open\src\hotspot\share\interpreter\linkResolver.cpp, line 805]
Event: 129.193 Thread 0x000001ca67f78660 Exception <a 'java/lang/NoSuchMethodError'{0x0000000621c5bdd0}: 'void java.lang.invoke.DirectMethodHandle$Holder.invokeSpecial(java.lang.Object, java.lang.Object, java.lang.Object, java.lang.Object, java.lang.Object, java.lang.Object)'> (0x0000000621c5bdd0) 
thrown [s\open\src\hotspot\share\interpreter\linkResolver.cpp, line 805]
Event: 129.204 Thread 0x000001ca67f78660 Exception <a 'java/lang/NoSuchMethodError'{0x0000000621c95790}: 'java.lang.Object java.lang.invoke.DirectMethodHandle$Holder.invokeInterface(java.lang.Object, java.lang.Object, int)'> (0x0000000621c95790) 
thrown [s\open\src\hotspot\share\interpreter\linkResolver.cpp, line 805]
Event: 129.249 Thread 0x000001ca67f78660 Exception <a 'java/lang/NoSuchMethodError'{0x0000000621dc3180}: 'void java.lang.invoke.DirectMethodHandle$Holder.invokeStatic(java.lang.Object, java.lang.Object, double)'> (0x0000000621dc3180) 
thrown [s\open\src\hotspot\share\interpreter\linkResolver.cpp, line 805]
Event: 129.254 Thread 0x000001ca67f78660 Exception <a 'java/lang/NoSuchMethodError'{0x0000000621e01f08}: 'java.lang.Object java.lang.invoke.DirectMethodHandle$Holder.newInvokeSpecial(java.lang.Object, java.lang.Object, double)'> (0x0000000621e01f08) 
thrown [s\open\src\hotspot\share\interpreter\linkResolver.cpp, line 805]
Event: 129.262 Thread 0x000001ca67f78660 Exception <a 'java/lang/NoSuchMethodError'{0x0000000621e42c80}: 'java.lang.Object java.lang.invoke.DirectMethodHandle$Holder.invokeSpecial(java.lang.Object, java.lang.Object, int, long)'> (0x0000000621e42c80) 
thrown [s\open\src\hotspot\share\interpreter\linkResolver.cpp, line 805]
Event: 129.263 Thread 0x000001ca67f78660 Exception <a 'java/lang/NoSuchMethodError'{0x0000000621e53110}: 'java.lang.Object java.lang.invoke.DelegatingMethodHandle$Holder.reinvoke_L(java.lang.Object, java.lang.Object, int, long)'> (0x0000000621e53110) 
thrown [s\open\src\hotspot\share\interpreter\linkResolver.cpp, line 805]
Event: 129.311 Thread 0x000001ca67f78660 Exception <a 'java/lang/IncompatibleClassChangeError'{0x0000000621672210}: Found class java.lang.Object, but interface was expected> (0x0000000621672210) 
thrown [s\open\src\hotspot\share\interpreter\linkResolver.cpp, line 872]
Event: 278.415 Thread 0x000001caad076740 Exception <a 'java/lang/NoSuchMethodError'{0x0000000620663590}: 'java.lang.Object java.lang.invoke.DirectMethodHandle$Holder.newInvokeSpecial(java.lang.Object, java.lang.Object, java.lang.Object, java.lang.Object, java.lang.Object, java.lang.Object, java.lang.Object, java.lang.Object)'> (0x0000000620663590) 
thrown [s\open\src\hotspot\share\interpreter\linkResolver.cpp, line 805]
Event: 315.170 Thread 0x000001ca67f78db0 Implicit null exception at 0x000001ca51795439 to 0x000001ca51795720
Event: 377.736 Thread 0x000001caad074a00 Exception <a 'java/lang/IncompatibleClassChangeError'{0x000000063a2581e0}: Found class java.lang.Object, but interface was expected> (0x000000063a2581e0) 
thrown [s\open\src\hotspot\share\interpreter\linkResolver.cpp, line 872]
Event: 377.761 Thread 0x000001caad074a00 Exception <a 'java/lang/NoSuchMethodError'{0x0000000631c2ea50}: 'java.lang.Object java.lang.invoke.DirectMethodHandle$Holder.newInvokeSpecial(java.lang.Object, java.lang.Object, int, java.lang.Object)'> (0x0000000631c2ea50) 
thrown [s\open\src\hotspot\share\interpreter\linkResolver.cpp, line 805]
Event: 453.602 Thread 0x000001ca67f777c0 Exception <a 'java/lang/NoSuchMethodError'{0x000000063dcc1020}: 'java.lang.Object java.lang.invoke.DirectMethodHandle$Holder.newInvokeSpecial(java.lang.Object, java.lang.Object, int)'> (0x000000063dcc1020) 
thrown [s\open\src\hotspot\share\interpreter\linkResolver.cpp, line 805]
Event: 453.618 Thread 0x000001ca67f777c0 Exception <a 'java/lang/NoSuchMethodError'{0x000000063dd45618}: 'java.lang.Object java.lang.invoke.DirectMethodHandle$Holder.invokeStatic(java.lang.Object, java.lang.Object, int, java.lang.Object, java.lang.Object, java.lang.Object)'> (0x000000063dd45618) 
thrown [s\open\src\hotspot\share\interpreter\linkResolver.cpp, line 805]
Event: 453.619 Thread 0x000001ca67f777c0 Exception <a 'java/lang/NoSuchMethodError'{0x000000063dd58370}: 'java.lang.Object java.lang.invoke.DirectMethodHandle$Holder.newInvokeSpecial(java.lang.Object, java.lang.Object, int, java.lang.Object, java.lang.Object)'> (0x000000063dd58370) 
thrown [s\open\src\hotspot\share\interpreter\linkResolver.cpp, line 805]
Event: 453.619 Thread 0x000001ca67f777c0 Exception <a 'java/lang/NoSuchMethodError'{0x000000063dd632d0}: 'java.lang.Object java.lang.invoke.DirectMethodHandle$Holder.invokeSpecial(java.lang.Object, java.lang.Object, java.lang.Object, int, java.lang.Object, java.lang.Object)'> (0x000000063dd632d0) 
thrown [s\open\src\hotspot\share\interpreter\linkResolver.cpp, line 805]
Event: 515.387 Thread 0x000001ca67f78660 Implicit null exception at 0x000001ca519f2d93 to 0x000001ca519f4704

VM Operations (20 events):
Event: 552.261 Executing VM operation: G1CollectForAllocation (G1 Evacuation Pause) done
Event: 552.413 Executing VM operation: G1CollectForAllocation (G1 Evacuation Pause)
Event: 552.493 Executing VM operation: G1CollectForAllocation (G1 Evacuation Pause) done
Event: 552.604 Executing VM operation: G1CollectForAllocation (G1 Evacuation Pause)
Event: 552.664 Executing VM operation: G1CollectForAllocation (G1 Evacuation Pause) done
Event: 552.970 Executing VM operation: G1PauseRemark
Event: 552.978 Executing VM operation: G1PauseRemark done
Event: 553.010 Executing VM operation: G1CollectForAllocation (G1 Evacuation Pause)
Event: 553.107 Executing VM operation: G1CollectForAllocation (G1 Evacuation Pause) done
Event: 553.283 Executing VM operation: G1CollectForAllocation (G1 Evacuation Pause)
Event: 553.380 Executing VM operation: G1CollectForAllocation (G1 Evacuation Pause) done
Event: 553.441 Executing VM operation: G1PauseCleanup
Event: 553.441 Executing VM operation: G1PauseCleanup done
Event: 553.503 Executing VM operation: G1CollectForAllocation (G1 Evacuation Pause)
Event: 553.619 Executing VM operation: G1CollectForAllocation (G1 Evacuation Pause) done
Event: 553.707 Executing VM operation: G1CollectForAllocation (G1 Evacuation Pause)
Event: 553.764 Executing VM operation: G1CollectForAllocation (G1 Evacuation Pause) done
Event: 553.833 Executing VM operation: G1CollectForAllocation (G1 Evacuation Pause)
Event: 553.877 Executing VM operation: G1CollectForAllocation (G1 Evacuation Pause) done
Event: 553.935 Executing VM operation: G1CollectForAllocation (G1 Evacuation Pause)

Memory protections (0 events):
No events

Nmethod flushes (20 events):
Event: 552.977 Thread 0x000001ca65c22650 flushing  nmethod 0x000001ca4a03c088
Event: 552.977 Thread 0x000001ca65c22650 flushing  nmethod 0x000001ca4a03c688
Event: 552.977 Thread 0x000001ca65c22650 flushing  nmethod 0x000001ca4a03cb88
Event: 552.977 Thread 0x000001ca65c22650 flushing  nmethod 0x000001ca4a03e408
Event: 552.977 Thread 0x000001ca65c22650 flushing  nmethod 0x000001ca4a03f308
Event: 552.977 Thread 0x000001ca65c22650 flushing  nmethod 0x000001ca4a03f688
Event: 552.977 Thread 0x000001ca65c22650 flushing  nmethod 0x000001ca4a03fd08
Event: 552.977 Thread 0x000001ca65c22650 flushing  nmethod 0x000001ca4a040088
Event: 552.977 Thread 0x000001ca65c22650 flushing osr nmethod 0x000001ca4a042388
Event: 552.977 Thread 0x000001ca65c22650 flushing  nmethod 0x000001ca4a159808
Event: 552.977 Thread 0x000001ca65c22650 flushing  nmethod 0x000001ca4a15b908
Event: 552.977 Thread 0x000001ca65c22650 flushing  nmethod 0x000001ca4a15d988
Event: 552.977 Thread 0x000001ca65c22650 flushing  nmethod 0x000001ca4a15e008
Event: 552.977 Thread 0x000001ca65c22650 flushing  nmethod 0x000001ca4a15ec88
Event: 552.977 Thread 0x000001ca65c22650 flushing  nmethod 0x000001ca4a15f808
Event: 552.977 Thread 0x000001ca65c22650 flushing  nmethod 0x000001ca4a160688
Event: 552.977 Thread 0x000001ca65c22650 flushing  nmethod 0x000001ca4a161208
Event: 552.977 Thread 0x000001ca65c22650 flushing  nmethod 0x000001ca4a161508
Event: 552.977 Thread 0x000001ca65c22650 flushing  nmethod 0x000001ca4a162608
Event: 552.977 Thread 0x000001ca65c22650 flushing  nmethod 0x000001ca4a172088

Events (20 events):
Event: 515.351 Thread 0x000001cab39481a0 Thread exited: 0x000001cab39481a0
Event: 515.354 Thread 0x000001cab086daf0 Thread added: 0x000001cab39481a0
Event: 515.542 Thread 0x000001cab39481a0 Thread exited: 0x000001cab39481a0
Event: 515.542 Thread 0x000001cab086daf0 Thread exited: 0x000001cab086daf0
Event: 541.841 Thread 0x000001ca672ee1a0 Thread added: 0x000001cab470ea50
Event: 541.841 Thread 0x000001ca672ee1a0 Thread added: 0x000001cab470f1e0
Event: 542.132 Thread 0x000001ca672fb260 Thread added: 0x000001ca67d45590
Event: 542.146 Thread 0x000001cab470ea50 Thread added: 0x000001ca67d45d20
Event: 542.693 Thread 0x000001ca67d45d20 Thread exited: 0x000001ca67d45d20
Event: 542.693 Thread 0x000001ca67d45590 Thread exited: 0x000001ca67d45590
Event: 545.727 Thread 0x000001cab470f1e0 Thread exited: 0x000001cab470f1e0
Event: 545.727 Thread 0x000001cab470ea50 Thread exited: 0x000001cab470ea50
Event: 550.587 Thread 0x000001ca672ee1a0 Thread added: 0x000001cab32affa0
Event: 550.587 Thread 0x000001ca672ee1a0 Thread added: 0x000001caae8b6230
Event: 550.587 Thread 0x000001ca672ee1a0 Thread added: 0x000001cab470ea50
Event: 551.078 Thread 0x000001ca672fb260 Thread added: 0x000001caaea27430
Event: 552.969 Thread 0x000001caaea27430 Thread exited: 0x000001caaea27430
Event: 552.969 Thread 0x000001cab470ea50 Thread exited: 0x000001cab470ea50
Event: 552.969 Thread 0x000001caae8b6230 Thread exited: 0x000001caae8b6230
Event: 552.969 Thread 0x000001cab32affa0 Thread exited: 0x000001cab32affa0


Dynamic libraries:
0x00007ff74ab80000 - 0x00007ff74ab8e000 	C:\Users\jsc17y\.jdks\openjdk-24.0.1\bin\java.exe
0x00007ffda6440000 - 0x00007ffda66a6000 	C:\WINDOWS\SYSTEM32\ntdll.dll
0x00007ffda4960000 - 0x00007ffda4a29000 	C:\WINDOWS\System32\KERNEL32.DLL
0x00007ffda3960000 - 0x00007ffda3d5a000 	C:\WINDOWS\System32\KERNELBASE.dll
0x00007ffda36d0000 - 0x00007ffda381c000 	C:\WINDOWS\System32\ucrtbase.dll
0x00007ffd9ff50000 - 0x00007ffd9ff66000 	C:\Users\jsc17y\.jdks\openjdk-24.0.1\bin\jli.dll
0x00007ffd86c20000 - 0x00007ffd86c3b000 	C:\Users\jsc17y\.jdks\openjdk-24.0.1\bin\VCRUNTIME140.dll
0x00007ffda5130000 - 0x00007ffda52f7000 	C:\WINDOWS\System32\USER32.dll
0x00007ffd7fdc0000 - 0x00007ffd80052000 	C:\WINDOWS\WinSxS\amd64_microsoft.windows.common-controls_6595b64144ccf1df_6.0.26100.8521_none_3e08b75ce33403b3\COMCTL32.dll
0x00007ffda3d60000 - 0x00007ffda3d87000 	C:\WINDOWS\System32\win32u.dll
0x00007ffda47a0000 - 0x00007ffda4849000 	C:\WINDOWS\System32\msvcrt.dll
0x00007ffda4770000 - 0x00007ffda479b000 	C:\WINDOWS\System32\GDI32.dll
0x00007ffda3fc0000 - 0x00007ffda40eb000 	C:\WINDOWS\System32\gdi32full.dll
0x00007ffda3f10000 - 0x00007ffda3fb3000 	C:\WINDOWS\System32\msvcp_win.dll
0x00007ffda63c0000 - 0x00007ffda63f2000 	C:\WINDOWS\System32\IMM32.DLL
0x00007ffda00e0000 - 0x00007ffda00ec000 	C:\Users\jsc17y\.jdks\openjdk-24.0.1\bin\vcruntime140_1.dll
0x00007ffd3bcb0000 - 0x00007ffd3bd3e000 	C:\Users\jsc17y\.jdks\openjdk-24.0.1\bin\msvcp140.dll
0x00007ffd111e0000 - 0x00007ffd11f82000 	C:\Users\jsc17y\.jdks\openjdk-24.0.1\bin\server\jvm.dll
0x00007ffda55a0000 - 0x00007ffda5656000 	C:\WINDOWS\System32\ADVAPI32.dll
0x00007ffda53c0000 - 0x00007ffda546a000 	C:\WINDOWS\System32\sechost.dll
0x00007ffda5470000 - 0x00007ffda5588000 	C:\WINDOWS\System32\RPCRT4.dll
0x00007ffda50a0000 - 0x00007ffda5120000 	C:\WINDOWS\System32\WS2_32.dll
0x00007ffda3530000 - 0x00007ffda358e000 	C:\WINDOWS\SYSTEM32\POWRPROF.dll
0x00007ffd9a4f0000 - 0x00007ffd9a4fb000 	C:\WINDOWS\SYSTEM32\VERSION.dll
0x00007ffd992e0000 - 0x00007ffd99316000 	C:\WINDOWS\SYSTEM32\WINMM.dll
0x00007ffda3510000 - 0x00007ffda3524000 	C:\WINDOWS\SYSTEM32\UMPDC.dll
0x00007ffda22f0000 - 0x00007ffda230b000 	C:\WINDOWS\SYSTEM32\kernel.appcore.dll
0x00007ffda00c0000 - 0x00007ffda00ca000 	C:\Users\jsc17y\.jdks\openjdk-24.0.1\bin\jimage.dll
0x00007ffd80060000 - 0x00007ffd802a2000 	C:\WINDOWS\SYSTEM32\DBGHELP.DLL
0x00007ffda5660000 - 0x00007ffda59e3000 	C:\WINDOWS\System32\combase.dll
0x00007ffda44f0000 - 0x00007ffda45c9000 	C:\WINDOWS\System32\OLEAUT32.dll
0x00007ffd8f5b0000 - 0x00007ffd8f5eb000 	C:\WINDOWS\SYSTEM32\dbgcore.DLL
0x00007ffda38b0000 - 0x00007ffda3958000 	C:\WINDOWS\System32\bcryptPrimitives.dll
0x00007ffd86ba0000 - 0x00007ffd86bbe000 	C:\Users\jsc17y\.jdks\openjdk-24.0.1\bin\java.dll
0x00007ffda45d0000 - 0x00007ffda4768000 	C:\WINDOWS\System32\ole32.dll
0x00007ffda5b80000 - 0x00007ffda6304000 	C:\WINDOWS\System32\SHELL32.dll
0x00007ffda0f30000 - 0x00007ffda17b0000 	C:\WINDOWS\SYSTEM32\windows.storage.dll
0x00007ffda5a70000 - 0x00007ffda5b66000 	C:\WINDOWS\System32\SHCORE.dll
0x00007ffda4440000 - 0x00007ffda44a7000 	C:\WINDOWS\System32\shlwapi.dll
0x00007ffda35c0000 - 0x00007ffda35e9000 	C:\WINDOWS\SYSTEM32\profapi.dll
0x00007ffd2cef0000 - 0x00007ffd2cfc7000 	C:\Users\jsc17y\.jdks\openjdk-24.0.1\bin\jsvml.dll
0x00007ffd9ff90000 - 0x00007ffd9ffa0000 	C:\Users\jsc17y\.jdks\openjdk-24.0.1\bin\net.dll
0x00007ffda2970000 - 0x00007ffda29dc000 	C:\WINDOWS\system32\mswsock.dll
0x00007ffd86b80000 - 0x00007ffd86b96000 	C:\Users\jsc17y\.jdks\openjdk-24.0.1\bin\nio.dll
0x00007ffd83b70000 - 0x00007ffd83b87000 	C:\Users\jsc17y\.jdks\openjdk-24.0.1\bin\zip.dll
0x00007ffd86c60000 - 0x00007ffd86c69000 	C:\Users\jsc17y\.jdks\openjdk-24.0.1\bin\extnet.dll
0x00007ffd86b70000 - 0x00007ffd86b7e000 	C:\Users\jsc17y\.jdks\openjdk-24.0.1\bin\sunmscapi.dll
0x00007ffda3d90000 - 0x00007ffda3f08000 	C:\WINDOWS\System32\CRYPT32.dll
0x00007ffda2ed0000 - 0x00007ffda2f00000 	C:\WINDOWS\SYSTEM32\ncrypt.dll
0x00007ffda2e80000 - 0x00007ffda2ebf000 	C:\WINDOWS\SYSTEM32\NTASN1.dll
0x00007ffd74fe0000 - 0x00007ffd74fe8000 	C:\WINDOWS\system32\wshunix.dll
0x00007ffda2d70000 - 0x00007ffda2d8b000 	C:\WINDOWS\SYSTEM32\CRYPTSP.dll
0x00007ffda2250000 - 0x00007ffda2289000 	C:\WINDOWS\system32\rsaenh.dll
0x00007ffda2a20000 - 0x00007ffda2a53000 	C:\WINDOWS\SYSTEM32\USERENV.dll
0x00007ffda35f0000 - 0x00007ffda361a000 	C:\WINDOWS\SYSTEM32\bcrypt.dll
0x00007ffda2d50000 - 0x00007ffda2d5c000 	C:\WINDOWS\SYSTEM32\CRYPTBASE.dll
0x00007ffda1a20000 - 0x00007ffda1a53000 	C:\WINDOWS\SYSTEM32\IPHLPAPI.DLL
0x00007ffda4950000 - 0x00007ffda495a000 	C:\WINDOWS\System32\NSI.dll
0x00007ffd7ea70000 - 0x00007ffd7ea7a000 	C:\Users\jsc17y\.jdks\openjdk-24.0.1\bin\management.dll
0x00007ffd7ea60000 - 0x00007ffd7ea6b000 	C:\Users\jsc17y\.jdks\openjdk-24.0.1\bin\management_ext.dll
0x00007ffda44b0000 - 0x00007ffda44b8000 	C:\WINDOWS\System32\PSAPI.DLL
0x00007ffd2b8a0000 - 0x00007ffd2ba1e000 	C:\Users\jsc17y\.jdks\openjdk-24.0.1\bin\awt.dll
0x00007ffda0360000 - 0x00007ffda0400000 	C:\WINDOWS\SYSTEM32\apphelp.dll
0x00007ffda05b0000 - 0x00007ffda065a000 	C:\WINDOWS\system32\uxtheme.dll
0x00007ffda4a30000 - 0x00007ffda4b8d000 	C:\WINDOWS\System32\MSCTF.dll
0x00007ffda0420000 - 0x00007ffda044a000 	C:\WINDOWS\system32\Wtsapi32.dll
0x00007ffda26c0000 - 0x00007ffda2709000 	C:\WINDOWS\SYSTEM32\SspiCli.dll
0x00007ffda32d0000 - 0x00007ffda3331000 	C:\WINDOWS\SYSTEM32\WINSTA.dll
0x00007ffd98dd0000 - 0x00007ffd98ed6000 	C:\WINDOWS\SYSTEM32\PROPSYS.dll
0x00007ffd8cd30000 - 0x00007ffd8cf0d000 	C:\WINDOWS\SYSTEM32\urlmon.dll
0x00007ffd8f2e0000 - 0x00007ffd8f5a5000 	C:\WINDOWS\SYSTEM32\iertutil.dll
0x00007ffd9bfd0000 - 0x00007ffd9bff9000 	C:\WINDOWS\SYSTEM32\srvcli.dll
0x00007ffda1c40000 - 0x00007ffda1c4d000 	C:\WINDOWS\SYSTEM32\netutils.dll
0x00007ffda5300000 - 0x00007ffda53ae000 	C:\WINDOWS\System32\clbcatq.dll
0x00007ffda0d70000 - 0x00007ffda0d85000 	C:\WINDOWS\SYSTEM32\RpcRtRemote.dll
0x00007ffd77610000 - 0x00007ffd7762f000 	C:\Windows\System32\Windows.Shell.ServiceHostBuilder.dll
0x00007ffd91040000 - 0x00007ffd91697000 	C:\Windows\System32\OneCoreUAPCommonProxyStub.dll
0x00007ffd7c310000 - 0x00007ffd7c488000 	C:\Windows\System32\Windows.System.Launcher.dll
0x00007ffd8fbc0000 - 0x00007ffd8fbdd000 	C:\WINDOWS\SYSTEM32\windows.staterepositorycore.dll
0x00007ffd9c450000 - 0x00007ffd9c5ba000 	C:\Windows\System32\wintypes.dll
0x00007ffda0410000 - 0x00007ffda041d000 	C:\WINDOWS\SYSTEM32\Secur32.dll
0x00007ffd678b0000 - 0x00007ffd678f4000 	C:\WINDOWS\SYSTEM32\MLANG.dll
0x00007ffd81430000 - 0x00007ffd816c5000 	C:\WINDOWS\SYSTEM32\WININET.dll
0x00007ffd87190000 - 0x00007ffd87254000 	C:\Windows\System32\Windows.StateRepositoryPS.dll
0x00007ffd8f290000 - 0x00007ffd8f2d7000 	C:\WINDOWS\SYSTEM32\windows.staterepositoryclient.dll
0x00007ffd8f5f0000 - 0x00007ffd8f704000 	C:\WINDOWS\SYSTEM32\mrmcorer.dll
0x00007ffd8e740000 - 0x00007ffd8e774000 	C:\WINDOWS\SYSTEM32\bcp47mrm.dll
0x00007ffd90bf0000 - 0x00007ffd90d4a000 	C:\Windows\System32\Windows.UI.dll
0x00007ffd7b480000 - 0x00007ffd7b4a9000 	C:\WINDOWS\SYSTEM32\edputil.dll
0x00007ffda3240000 - 0x00007ffda3291000 	C:\WINDOWS\SYSTEM32\CFGMGR32.dll

JVMTI agents: none

dbghelp: loaded successfully - version: 4.0.5 - missing functions: none
symbol engine: initialized successfully - sym options: 0x614 - pdb path: .;C:\Users\jsc17y\.jdks\openjdk-24.0.1\bin;C:\WINDOWS\SYSTEM32;C:\WINDOWS\WinSxS\amd64_microsoft.windows.common-controls_6595b64144ccf1df_6.0.26100.8521_none_3e08b75ce33403b3;C:\Users\jsc17y\.jdks\openjdk-24.0.1\bin\server

VM Arguments:
jvm_args: -Xss10m -Dfile.encoding=UTF-8 -Dsun.stdout.encoding=UTF-8 -Dsun.stderr.encoding=UTF-8 
java_command: C:\Users\jsc17y\Projects\RELISON\RELISON\RELISON-gui\target\RELISON-gui.jar --debug
java_class_path (initial): C:\Users\jsc17y\Projects\RELISON\RELISON\RELISON-gui\target\RELISON-gui.jar
Launcher Type: SUN_STANDARD

[Global flags]
     intx CICompilerCount                          = 12                                        {product} {ergonomic}
     uint ConcGCThreads                            = 5                                         {product} {ergonomic}
     uint G1ConcRefinementThreads                  = 20                                        {product} {ergonomic}
   size_t G1HeapRegionSize                         = 4194304                                   {product} {ergonomic}
   size_t InitialHeapSize                          = 532676608                                 {product} {ergonomic}
   size_t MarkStackSize                            = 4194304                                   {product} {ergonomic}
   size_t MarkStackSizeMax                         = 536870912                                 {product} {ergonomic}
   size_t MaxHeapSize                              = 8518631424                                {product} {ergonomic}
   size_t MaxNewSize                               = 5108662272                                {product} {ergonomic}
   size_t MinHeapDeltaBytes                        = 4194304                                   {product} {ergonomic}
   size_t MinHeapSize                              = 8388608                                   {product} {ergonomic}
    uintx NonNMethodCodeHeapSize                   = 7602176                                {pd product} {ergonomic}
    uintx NonProfiledCodeHeapSize                  = 122093568                              {pd product} {ergonomic}
    uintx ProfiledCodeHeapSize                     = 121962496                              {pd product} {ergonomic}
    uintx ReservedCodeCacheSize                    = 251658240                              {pd product} {ergonomic}
     bool SegmentedCodeCache                       = true                                      {product} {ergonomic}
   size_t SoftMaxHeapSize                          = 8518631424                             {manageable} {ergonomic}
     intx ThreadStackSize                          = 10240                                  {pd product} {command line}
     bool UseCompressedOops                        = true                           {product lp64_product} {ergonomic}
     bool UseG1GC                                  = true                                      {product} {ergonomic}
     bool UseLargePagesIndividualAllocation        = false                                  {pd product} {ergonomic}

Logging:
Log output configuration:
 #0: stdout all=warning uptime,level,tags foldmultilines=false
 #1: stderr all=off uptime,level,tags foldmultilines=false

Environment Variables:
PATH=C:\Program Files\Common Files\Oracle\Java\javapath;C:\WINDOWS\system32;C:\WINDOWS;C:\WINDOWS\System32\Wbem;C:\WINDOWS\System32\WindowsPowerShell\v1.0\;C:\WINDOWS\System32\OpenSSH\;C:\Program Files\Docker\Docker\resources\bin;C:\Program Files\nodejs\;C:\Program Files\Git\cmd;C:\Users\jsc17y\AppData\Local\.meteor;C:\Users\jsc17y\AppData\Local\Programs\Python\Launcher\;C:\Users\jsc17y\AppData\Local\Microsoft\WindowsApps;C:\Users\jsc17y\AppData\Local\GitHubDesktop\bin;C:\Users\jsc17y\AppData\Local\JetBrains\Toolbox\scripts;C:\Users\jsc17y\AppData\Roaming\npm
USERNAME=jsc17y
OS=Windows_NT
PROCESSOR_IDENTIFIER=Intel64 Family 6 Model 183 Stepping 1, GenuineIntel
TMP=C:\Users\jsc17y\AppData\Local\Temp
TEMP=C:\Users\jsc17y\AppData\Local\Temp




Periodic native trim disabled

---------------  S Y S T E M  ---------------

OS:
 Windows 11 , 64 bit Build 26100 (10.0.26100.8521)
OS uptime: 1 days 23:09 hours
Hyper-V role detected

CPU: total 28 (initial active 28) (14 cores per cpu, 2 threads per core) family 6 model 183 stepping 1 microcode 0x12b, cx8, cmov, fxsr, ht, mmx, 3dnowpref, sse, sse2, sse3, ssse3, sse4.1, sse4.2, popcnt, lzcnt, tsc, tscinvbit, avx, avx2, aes, erms, clmul, bmi1, bmi2, adx, sha, fma, vzeroupper, clflush, clflushopt, clwb, hv, serialize, rdtscp, rdpid, fsrm, gfni, f16c, cet_ibt, cet_ss
Processor Information for the first 28 processors :
  Max Mhz: 2100, Current Mhz: 2100, Mhz Limit: 2100

Memory: 4k page, system-wide physical 32485M (618M free)
TotalPageFile size 91744M (AvailPageFile size 329M)
current process WorkingSet (physical memory assigned to process): 6197M, peak: 6197M
current process commit charge ("private bytes"): 6437M, peak: 7245M

vm_info: OpenJDK 64-Bit Server VM (24.0.1+9-30) for windows-amd64 JRE (24.0.1+9-30), built on 2025-03-05T07:23:45Z with MS VC++ 17.6 (VS2022)

END.
